NODE;London;857.008000;2117.902000
NODE;Paris;1872.305000;2455.514000
NODE;Berlin;2772.935000;2104.472000
NODE;Madrid;1518.449000;3408.010000
NODE;Rome;2654.507000;3226.868000
NODE;Vienna;2912.282000;2575.657000
NODE;Amsterdam;2023.346000;2046.514000
NODE;Brussels;2081.982000;2276.191000
NODE;Prague;2766.671000;2373.283000
NODE;Warsaw;3353.909000;2031.840000
NODE;Budapest;3206.031000;2688.502000
NODE;Stockholm;3058.140000;1236.177000
NODE;Copenhagen;2745.354000;1686.455000
NODE;Oslo;2471.639000;1158.575000
NODE;Helsinki;3653.299000;1210.896000
NODE;Lisbon;1098.541000;3705.857000
NODE;Dublin;1269.996000;2057.199000
NODE;Athens;3487.766000;3762.927000
NODE;Sofia;3530.005000;3229.863000
NODE;Bucharest;3743.173000;3023.576000
NODE;Belgrade;3294.531000;2893.532000
NODE;Zagreb;2884.564000;2817.002000
NODE;Zurich;2304.267000;2627.947000
NODE;Geneva;2128.060000;2770.176000
NODE;Milan;2441.810000;2869.473000
NODE;Naples;2778.629000;3376.821000
NODE;Munich;2561.616000;2652.765000
NODE;Frankfurt;2405.586000;2371.861000
NODE;Hamburg;2427.382000;1993.960000
NODE;Cologne;2198.644000;2240.413000
NODE;Lyon;2172.224000;2878.900000
NODE;Marseille;2142.612000;3171.138000
NODE;Barcelona;1949.756000;3406.260000
NODE;Valencia;1661.448000;3508.836000
NODE;Seville;1255.572000;3786.639000
NODE;Porto;1041.357000;3459.466000
NODE;Belfast;1349.119000;1807.548000
NODE;Edinburgh;1519.470000;1663.601000
NODE;Glasgow;1480.928000;1684.016000
NODE;Manchester;1527.281000;1924.860000
NODE;Birmingham;1600.919000;2042.839000
NODE;Gothenburg;2641.634000;1541.952000
NODE;Malmo;2689.104000;1675.791000
NODE;Krakow;3304.006000;2361.624000
NODE;Gdansk;3061.646000;1792.439000
NODE;Riga;3473.144000;1586.391000
NODE;Tallinn;3631.033000;1266.146000
NODE;Vilnius;3553.364000;1807.959000
NODE;Bratislava;3091.279000;2586.458000
NODE;Ljubljana;2892.773000;2880.725000
NODE;Sarajevo;3031.737000;3112.315000
NODE;Skopje;3364.974000;3297.615000
NODE;Tirana;3177.392000;3391.554000
NODE;Thessaloniki;3386.648000;3437.062000
NODE;Istanbul;3892.596000;3478.611000
NODE;Bordeaux;1750.036000;2926.042000
NODE;Toulouse;1840.394000;3054.384000
NODE;Nantes;1682.620000;2748.383000
NODE;Strasbourg;2280.151000;2554.332000
NODE;Stuttgart;2436.835000;2453.554000
NODE;Leipzig;2700.002000;2219.801000
NODE;Dresden;2804.380000;2250.757000
NODE;Nuremberg;2480.892000;2402.465000
NODE;Bremen;2314.016000;2081.356000
NODE;Hannover;2521.096000;2146.566000
NODE;Rotterdam;2026.666000;2115.244000
NODE;TheHague;2115.482000;2199.612000
NODE;Utrecht;2155.990000;2049.696000
NODE;Antwerp;1992.774000;2269.096000
NODE;Ghent;2052.634000;2186.443000
NODE;Liege;2145.345000;2302.269000
NODE;Luxembourg;2152.809000;2471.689000
NODE;Basel;2287.302000;2603.787000
NODE;Bern;2295.487000;2757.089000
NODE;Turin;2259.284000;2905.975000
NODE;Genoa;2480.624000;3037.480000
NODE;Venice;2643.596000;2896.212000
NODE;Florence;2513.561000;3043.352000
NODE;Bologna;2555.094000;3017.229000
NODE;Palermo;2688.918000;3694.835000
NODE;Catania;2792.159000;3830.976000
NODE;Bari;2951.331000;3458.167000
NODE;Bilbao;1570.842000;3076.437000
NODE;Zaragoza;1624.781000;3359.136000
NODE;Malaga;1356.078000;3841.170000
NODE;Alicante;1766.282000;3724.367000
NODE;Aarhus;2491.327000;1702.739000
NODE;Odense;2558.300000;1694.166000
NODE;Bergen;2066.109000;1156.668000
NODE;Trondheim;2497.673000;811.524000
NODE;Tromso;3186.952000;127.738000
NODE;Oulu;3714.866000;570.147000
NODE;Turku;3382.419000;1135.088000
NODE;Tampere;3568.068000;1000.585000
NODE;Reykjavik;50.433000;726.678000
NODE;Kiev;3387.501000;2164.567000
NODE;Moscow;3809.969000;1517.722000
NODE;StPetersburg;3540.901000;1157.816000
NODE;Minsk;3458.052000;1728.094000
NODE;Chisinau;3729.885000;2853.764000
NODE;Ankara;4025.039000;3168.219000
NODE;Izmir;3855.791000;3346.610000
NODE;Lviv;3297.703000;2254.200000
NODE;Kharkiv;3684.166000;1929.382000
NODE;Odessa;3530.636000;2777.649000
NODE;Wroclaw;3062.432000;2245.451000
NODE;Poznan;2942.801000;1987.681000
NODE;Lodz;3223.171000;2179.268000
NODE;Leeds;1558.923000;1934.945000
NODE;Liverpool;1444.767000;1817.473000
NODE;Newcastle;1674.993000;1712.669000
NODE;Nice;2206.751000;3089.676000
NODE;Bristol;1329.146000;2063.468000
NODE;Cardiff;1350.456000;2056.435000
NODE;Sheffield;1495.189000;2023.725000
NODE;Nottingham;1512.818000;1949.732000
NODE;Leicester;1585.206000;2078.034000
NODE;Coventry;1537.633000;2009.182000
NODE;Bradford;1582.446000;1879.394000
NODE;Aberdeen;1590.813847;1763.977639
NODE;Inverness;1571.245847;1766.901655
NODE;Dundee;1522.982065;1682.839969
NODE;Plymouth;1451.666861;2080.750574
NODE;Exeter;1390.647766;2062.772061
NODE;Southampton;1336.389164;2077.749964
NODE;Portsmouth;1300.384824;2091.545531
NODE;Reading;1137.867927;2087.412932
NODE;Norwich;1628.833678;2066.114581
NODE;Cambridge;1348.530158;2061.390513
NODE;Oxford;1405.346543;2048.375145
NODE;York;1559.735070;1926.459162
NODE;Hull;1551.714094;1955.961148
NODE;Middlesbrough;1630.942569;1793.272595
NODE;Sunderland;1673.845354;1714.594538
NODE;Stoke;1530.750671;1966.836170
NODE;Preston;1506.457751;1886.475698
NODE;Blackpool;1492.212264;1870.202711
NODE;Wolverhampton;1590.899096;2037.247851
NODE;Peterborough;1528.881063;2029.413128
NODE;Luton;1077.553647;2092.423763
NODE;Swansea;1373.535304;2051.709171
NODE;Gloucester;1429.137049;2045.544539
NODE;Ipswich;1474.214933;2095.820764
NODE;Milton Keynes;1420.152580;2048.015468
NODE;Southend;1056.398647;2112.542616
NODE;Cork;1487.351517;2038.176139
NODE;Limerick;1435.116525;2015.120810
NODE;Galway;1440.535192;1993.726907
NODE;Waterford;1397.463592;2027.024267
NODE;Rennes;1707.970571;2660.872238
NODE;Brest;1687.371908;2376.291397
NODE;Le Havre;1736.848523;2286.166621
NODE;Rouen;1853.488894;2364.911949
NODE;Lille;2038.557281;2217.957756
NODE;Reims;2051.922109;2374.405326
NODE;Metz;2170.427617;2463.987703
NODE;Nancy;2220.419405;2494.883999
NODE;Grenoble;2191.418315;2853.052816
NODE;Montpellier;2102.991232;3058.218702
NODE;Clermont-Ferrand;2120.963572;2809.910421
NODE;Limoges;1915.377742;2803.248860
NODE;Dijon;2196.181232;2663.865572
NODE;Tours;1861.733069;2590.310237
NODE;Orleans;1924.832449;2472.945851
NODE;Caen;1740.432328;2322.572231
NODE;Angers;1711.624057;2713.072126
NODE;Le Mans;1821.095769;2543.393225
NODE;Perpignan;1963.282599;3140.827233
NODE;Toulon;2150.872911;3154.767023
NODE;Avignon;2153.216476;3094.338937
NODE;Poitiers;1830.023307;2712.502867
NODE;La Rochelle;1747.556218;2777.888716
NODE;Pau;1777.986442;3067.628074
NODE;Bayonne;1674.023428;3055.328437
NODE;Amiens;1933.341842;2321.839423
NODE;Calais;1818.901293;2186.887283
NODE;Besancon;2239.770959;2686.013065
NODE;Mulhouse;2287.834511;2606.753466
NODE;Montlucon;2075.968252;2725.820487
NODE;Brive;1907.875899;2894.175010
NODE;Troyes;2069.742974;2470.156840
NODE;Auxerre;2054.896709;2517.356159
NODE;San Sebastian;1602.458204;3076.402654
NODE;Pamplona;1642.058486;3142.780390
NODE;Valladolid;1557.501435;3293.808547
NODE;Salamanca;1474.570901;3361.781150
NODE;Toledo;1522.952843;3408.337453
NODE;Murcia;1756.257204;3698.608368
NODE;Cordoba;1333.816505;3756.994216
NODE;Granada;1375.820414;3804.528647
NODE;Cadiz;1286.138084;3772.613155
NODE;Huelva;1267.021124;3768.156059
NODE;Jaen;1405.484753;3738.401766
NODE;Oviedo;1603.135079;3080.180023
NODE;Santander;1584.235153;3073.605342
NODE;Gijon;1621.781673;3056.534645
NODE;A Coruna;1403.132162;3187.836908
NODE;Vigo;1114.469836;3418.661498
NODE;Palma;1896.256824;3324.717807
NODE;Logrono;1606.674789;3128.848924
NODE;Albacete;1689.154721;3551.747899
NODE;Burgos;1598.375574;3132.052552
NODE;Leon;1564.080250;3164.420674
NODE;Braga;1046.441339;3457.555401
NODE;Coimbra;1092.341101;3486.795945
NODE;Setubal;1099.552283;3704.980952
NODE;Faro;1269.924177;3693.468053
NODE;Evora;1150.350004;3677.962991
NODE;Aveiro;1050.156127;3460.469825
NODE;Dortmund;2211.440071;2232.396897
NODE;Essen;2191.240555;2233.279230
NODE;Duisburg;2183.125164;2232.012025
NODE;Dusseldorf;2194.215382;2240.839328
NODE;Bonn;2198.900330;2243.473254
NODE;Wuppertal;2198.539480;2241.352743
NODE;Bielefeld;2388.257535;2159.593462
NODE;Munster;2249.382336;2185.640918
NODE;Bochum;2198.060701;2233.483988
NODE;Mannheim;2374.177571;2417.900118
NODE;Karlsruhe;2360.226531;2489.822591
NODE;Freiburg;2292.995049;2592.440400
NODE;Augsburg;2534.523255;2610.118820
NODE;Wurzburg;2434.566117;2400.978861
NODE;Kassel;2421.502920;2238.201285
NODE;Magdeburg;2627.941072;2177.002937
NODE;Erfurt;2585.782701;2261.384568
NODE;Halle;2697.225331;2219.980138
NODE;Rostock;2580.675041;1925.495590
NODE;Lubeck;2440.344080;1993.784430
NODE;Kiel;2463.539475;1939.227870
NODE;Mainz;2397.886791;2372.621504
NODE;Saarbrucken;2223.587061;2471.959331
NODE;Ulm;2433.303834;2498.708382
NODE;Regensburg;2528.445326;2481.288072
NODE;Ingolstadt;2523.028173;2541.307299
NODE;Passau;2655.406024;2519.818792
NODE;Flensburg;2508.172048;1810.488662
NODE;Constance;2322.392543;2613.758903
NODE;Eindhoven;2089.479710;2186.441358
NODE;Tilburg;2070.683317;2159.768212
NODE;Groningen;2182.486448;2109.197940
NODE;Leiden;2095.718994;2169.834293
NODE;Haarlem;2036.419858;2060.864267
NODE;Breda;2051.179057;2164.665612
NODE;Nijmegen;2115.452159;2111.489450
NODE;Maastricht;2142.045913;2297.069322
NODE;Arnhem;2116.389909;2100.760983
NODE;Zwolle;2106.044880;2098.750094
NODE;Enschede;2171.444993;2150.229616
NODE;Bruges;2046.090269;2196.735595
NODE;Namur;2104.214244;2282.160889
NODE;Leuven;2071.095622;2270.676957
NODE;Lausanne;2181.222796;2758.475151
NODE;St Gallen;2326.151199;2624.194919
NODE;Lucerne;2303.059301;2647.316338
NODE;Winterthur;2304.707736;2627.704082
NODE;Lugano;2409.760676;2841.920268
NODE;Chur;2351.132797;2672.784734
NODE;Graz;2880.663065;2712.772816
NODE;Salzburg;2610.767171;2619.469289
NODE;Linz;2771.912155;2545.707740
NODE;Innsbruck;2528.347142;2651.378381
NODE;Klagenfurt;2864.883174;2850.149700
NODE;Verona;2545.124301;2910.048590
NODE;Padua;2637.391382;2898.014329
NODE;Trieste;2818.990862;2869.217608
NODE;Brescia;2457.949876;2875.789942
NODE;Bergamo;2438.315244;2866.542673
NODE;Parma;2502.665188;2963.634811
NODE;Modena;2550.577699;3010.744193
NODE;Reggio Emilia;2534.735393;2993.485016
NODE;Ferrara;2561.233091;2997.218194
NODE;Pisa;2509.585198;3021.388884
NODE;Siena;2518.162005;3038.557182
NODE;Livorno;2504.670418;3017.785952
NODE;Pescara;2710.187592;3171.875676
NODE;Ancona;2630.967999;2993.001821
NODE;Perugia;2576.473113;3063.171387
NODE;Taranto;2950.889318;3430.805621
NODE;Foggia;2857.667290;3359.748676
NODE;Reggio Calabria;2788.067130;3781.462456
NODE;Cagliari;2480.063438;3112.299662
NODE;Messina;2786.689694;3775.423561
NODE;Trento;2539.746802;2836.177053
NODE;Udine;2737.062736;2857.517275
NODE;Brno;2949.828531;2512.366446
NODE;Ostrava;3116.187215;2363.398871
NODE;Pilsen;2723.175236;2368.525197
NODE;Olomouc;2984.305066;2423.441375
NODE;Liberec;2805.367530;2300.959228
NODE;Kosice;3163.378886;2444.198831
NODE;Banska Bystrica;3116.129890;2529.089183
NODE;Zilina;3121.499549;2443.580924
NODE;Presov;3186.183698;2404.189059
NODE;Bydgoszcz;2996.128721;2006.785558
NODE;Lublin;3243.049461;2168.917009
NODE;Bialystok;3272.244094;2004.738346
NODE;Katowice;3247.935733;2342.979965
NODE;Szczecin;2757.614689;2066.341174
NODE;Rzeszow;3232.925627;2300.084416
NODE;Czestochowa;3191.902572;2264.357117
NODE;Torun;3052.618604;2032.042880
NODE;Radom;3273.611431;2119.063235
NODE;Kielce;3239.420311;2259.266927
NODE;Olsztyn;3115.260793;1940.866182
NODE;Bielsko-Biala;3251.909836;2361.084495
NODE;Debrecen;3136.060626;2603.449862
NODE;Miskolc;3139.252530;2575.225587
NODE;Pecs;3019.663634;2761.221115
NODE;Gyor;3068.774663;2600.731632
NODE;Szeged;3151.277054;2770.287782
NODE;Cluj-Napoca;3238.816363;2698.440281
NODE;Timisoara;3229.200711;2861.147795
NODE;Iasi;3677.005387;2824.561125
NODE;Constanta;3594.802163;2960.533018
NODE;Craiova;3462.715714;3051.848216
NODE;Brasov;3597.850083;2945.345937
NODE;Galati;3611.776248;2878.808983
NODE;Ploiesti;3730.017744;3018.830392
NODE;Plovdiv;3476.241510;3221.249454
NODE;Varna;3626.578220;3081.891503
NODE;Burgas;3648.636484;3199.190164
NODE;Ruse;3723.690232;3025.035576
NODE;Stara Zagora;3510.963507;3164.755043
NODE;Patras;3368.459154;3537.613413
NODE;Larissa;3368.228349;3423.030132
NODE;Heraklion;3421.926122;3392.207003
NODE;Volos;3395.338175;3480.542748
NODE;Ioannina;3245.929267;3347.729175
NODE;Kavala;3404.061326;3358.542760
NODE;Novi Sad;3259.608247;2893.364794
NODE;Nis;3370.283884;3176.386081
NODE;Kragujevac;3259.276180;2954.232445
NODE;Banja Luka;2950.495453;2927.348964
NODE;Mostar;3026.376636;3103.946568
NODE;Split;2920.120820;3036.913739
NODE;Rijeka;2843.669013;2862.599211
NODE;Osijek;3073.649485;2851.766835
NODE;Maribor;2879.981942;2800.380332
NODE;Podgorica;3144.629042;3248.920778
NODE;Pristina;3342.218080;3271.924316
NODE;Durres;3177.141729;3389.664250
NODE;Kaunas;3496.088786;1808.462274
NODE;Klaipeda;3168.319530;1789.667247
NODE;Tartu;3515.982756;1359.922458
NODE;Liepaja;3218.918322;1689.328828
NODE;Daugavpils;3452.214845;1735.866747
NODE;Linkoping;2850.114914;1480.957318
NODE;Vasteras;3032.460596;1274.416591
NODE;Orebro;2869.198308;1398.719895
NODE;Norrkoping;2948.327114;1387.171960
NODE;Jonkoping;2668.364180;1598.499143
NODE;Helsingborg;2720.175614;1685.709280
NODE;Boras;2640.702342;1553.468915
NODE;Sundsvall;3039.034727;1272.172060
NODE;Umea;3320.453338;1077.724932
NODE;Lulea;3572.994451;716.251193
NODE;Kiruna;3180.991604;413.625789
NODE;Aalborg;2534.829021;1688.709406
NODE;Esbjerg;2488.768705;1789.548862
NODE;Fredrikshavn;2601.624172;1603.356293
NODE;Stavanger;2189.256534;1398.043293
NODE;Kristiansand;2441.030221;1619.166720
NODE;Drammen;2471.969229;1163.163507
NODE;Bodo;2963.691044;831.057874
NODE;Narvik;3165.554462;238.936813
NODE;Joensuu;3466.006325;1167.981728
NODE;Kuopio;3501.869608;1062.334715
NODE;Jyvaskyla;3529.412723;1075.520796
NODE;Lappeenranta;3528.399153;1201.356647
NODE;Rovaniemi;3607.723084;671.721686
NODE;Vaasa;3419.842260;1088.604422
NODE;Donetsk;3549.577420;2112.554616
NODE;Dnipro;3575.706554;2115.131374
NODE;Zaporizhzhia;3523.714450;2253.439460
NODE;Mykolaiv;3530.218973;2755.422389
NODE;Vinnytsia;3404.411289;2397.481510
NODE;Poltava;3629.814609;1994.135964
NODE;Chernivtsi;3336.687178;2496.375627
NODE;Chernihiv;3381.141660;2153.484209
NODE;Sumy;3612.846559;1984.320685
NODE;Rivne;3272.355239;2240.628537
NODE;Khmelnytskyi;3320.829629;2364.565982
NODE;Zhytomyr;3368.045570;2208.382298
NODE;Uzhhorod;3185.661916;2406.514554
NODE;Gomel;3366.444812;2049.944235
NODE;Brest-Belarus;3249.036969;2096.808096
NODE;Grodno;3384.414295;1887.429490
NODE;Mogilev;3401.442170;1824.450289
NODE;Vitebsk;3394.093430;1777.923326
NODE;Kaliningrad;3078.414736;1857.449668
NODE;Pskov;3445.562364;1451.945485
NODE;Novgorod;3488.684882;1287.280543
NODE;Tver;3715.908376;1553.727405
NODE;Yaroslavl;3628.775577;1593.262522
NODE;Vladimir;3731.069921;1567.171808
NODE;Ryazan;3719.514524;1593.986091
NODE;Tula;3715.118114;1605.745650
NODE;Smolensk;3399.413326;1808.886453
NODE;Belgorod;3677.105586;1934.794066
NODE;Kursk;3582.083560;1975.395903
NODE;Voronezh;3534.151256;1976.141214
NODE;Rostov-on-Don;3428.741169;2257.215386
NODE;Krasnodar;3375.461162;2521.846237
NODE;Murmansk;3171.544411;1078.279824
NODE;Arkhangelsk;3206.565781;1474.893654
NODE;Nizhny Novgorod;3465.236966;1738.890778
NODE;Bursa;3867.873833;3448.488045
NODE;Edirne;3601.280769;3258.809180
NODE;Adana;3651.185159;3059.379939
NODE;Konya;3847.497688;3159.755344
NODE;Tiraspol;3680.251319;2832.637198
NODE;Northampton;1533.221566;2037.457633
NODE;Derby;1525.857629;1975.037569
NODE;Warrington;1489.401427;1876.466410
NODE;Leicester East;1579.835680;2068.973404
NODE;Telford;1558.714135;2010.367805
NODE;Valence;2177.760862;2878.263221
NODE;Saint-Etienne;2171.706528;2872.280710
NODE;Nimes;2140.330842;3075.862035
NODE;Brive;1907.875899;2894.175010
NODE;Compiegne;1913.493389;2414.130995
NODE;Charleville;2113.652038;2338.889489
NODE;Colmar;2287.519055;2583.571062
NODE;Lorient;1716.602192;2603.139514
NODE;Angouleme;1794.763185;2876.737907
NODE;Niort;1768.626881;2762.019644
NODE;Vannes;1704.019775;2683.219115
NODE;Almeria;1512.700465;3682.345836
NODE;Badajoz;1267.705113;3633.099184
NODE;Caceres;1351.040508;3528.345973
NODE;Lleida;1790.897663;3319.399964
NODE;Tarragona;1914.432755;3376.256721
NODE;Castellon;1673.167972;3497.864985
NODE;Trier;2162.177771;2454.811574
NODE;Gottingen;2474.582730;2196.258843
NODE;Heilbronn;2427.395979;2454.276137
NODE;Pforzheim;2415.836626;2464.589122
NODE;Reutlingen;2429.092360;2461.137852
NODE;Siegen;2261.582764;2282.485201
NODE;Braunschweig;2511.872846;2145.267368
NODE;Paderborn;2389.151630;2188.415666
NODE;Potsdam;2770.324815;2106.690874
NODE;Lecce;3014.331356;3371.309210
NODE;Potenza;2881.789917;3395.785320
NODE;Cosenza;2845.230047;3439.142600
NODE;Sassari;2404.491920;3023.525719
NODE;Ravenna;2561.809401;2991.524589
NODE;Rimini;2563.974992;2990.308279
NODE;Como;2433.482036;2864.744040
NODE;Alessandria;2408.225247;2953.287140
NODE;Novara;2415.675775;2874.441721
NODE;Gorzow;2837.132673;2089.112697
NODE;Plock;3228.331996;2107.884972
NODE;Walbrzych;3011.872497;2253.030985
NODE;Opole;3063.579933;2254.269150
NODE;Ceske Budejovice;2773.790282;2451.063079
NODE;Hradec Kralove;2851.306479;2334.364833
NODE;Nitra;3073.612899;2590.695118
NODE;Trnava;3071.797490;2584.360303
NODE;Kecskemet;3171.518698;2685.972573
NODE;Nyiregyhaza;3140.634067;2540.482104
NODE;Arad;3182.637099;2799.910704
NODE;Sibiu;3392.158843;2872.349237
NODE;Targu Mures;3343.562518;2757.364143
NODE;Alba Iulia;3292.685762;2814.338453
NODE;Rhodes;3667.334813;3305.746421
NODE;Piraeus;3487.760370;3762.897313
NODE;Chalkis;3484.898948;3749.413197
NODE;Alexandroupoli;3529.038119;3299.032820
NODE;Drama;3401.414426;3357.756927
NODE;Subotica;3139.656464;2783.625571
NODE;Pancevo;3294.261180;2893.615800
NODE;Bitola;3306.158048;3331.048555
NODE;Shkoder;3178.972055;3337.515310
NODE;Kotor;3098.424784;3227.419764
NODE;Dubrovnik;3033.141698;3166.990209
NODE;Pula;2717.100213;2882.143989
NODE;Zadar;2798.909862;2914.967499
NODE;Volgograd;3295.696972;2217.735561
NODE;Saratov;3288.853091;2066.122077
NODE;Penza;3355.036729;1943.988942
NODE;Ulyanovsk;3252.334333;1961.531221
NODE;Mariupol;3472.698992;2280.469365
NODE;Krivoy Rog;3489.366782;2480.655072
NODE;Kherson;3520.793490;2736.275187
NODE;Ternopil;3283.155845;2284.559422
NODE;Ivano-Frankivsk;3277.096193;2300.171854
NODE;Kirklareli;3709.629389;3319.433351
NODE;Tekirdag;3810.631832;3412.614099
NODE;Torshavn;1923.333181;1810.897408
NODE;Akureyri;378.936505;916.997384
NODE;Funchal;1781.173186;3009.682988
EDGE;London;Luton;96.700000
EDGE;London;Southend;104.500000
EDGE;London;Reading;102.600000
EDGE;London;Milton Keynes;103.200000
EDGE;Cambridge;London;102.300000
EDGE;London;Oxford;103.400000
EDGE;London;Northampton;102.600000
EDGE;London;Portsmouth;119.800000
EDGE;Ipswich;London;112.800000
EDGE;London;Southampton;120.200000
EDGE;London;Peterborough;117.600000
EDGE;Coventry;London;111.300000
EDGE;Leicester;London;114.700000
EDGE;Leicester East;London;120.200000
EDGE;Calais;London;118.600000
EDGE;Gloucester;London;94.000000
EDGE;London;Norwich;114.200000
EDGE;Birmingham;London;94.200000
EDGE;Bristol;London;99.700000
EDGE;London;Nottingham;113.300000
EDGE;Compiegne;Paris;108.000000
EDGE;Paris;Rouen;117.600000
EDGE;Orleans;Paris;111.600000
EDGE;Amiens;Paris;112.400000
EDGE;Paris;Reims;112.800000
EDGE;Paris;Troyes;116.800000
EDGE;Auxerre;Paris;116.900000
EDGE;Berlin;Potsdam;89.300000
EDGE;Berlin;Gorzow;109.400000
EDGE;Berlin;Szczecin;108.300000
EDGE;Berlin;Magdeburg;110.600000
EDGE;Berlin;Leipzig;109.800000
EDGE;Berlin;Halle;101.900000
EDGE;Berlin;Dresden;108.600000
EDGE;Madrid;Toledo;99.500000
EDGE;Madrid;Valladolid;106.900000
EDGE;Madrid;Salamanca;103.100000
EDGE;Perugia;Rome;80.800000
EDGE;Pescara;Rome;75.200000
EDGE;Rome;Siena;77.500000
EDGE;Bratislava;Vienna;101.800000
EDGE;Trnava;Vienna;99.600000
EDGE;Gyor;Vienna;74.700000
EDGE;Brno;Vienna;110.200000
EDGE;Nitra;Vienna;83.800000
EDGE;Graz;Vienna;102.800000
EDGE;Linz;Vienna;103.600000
EDGE;Ceske Budejovice;Vienna;109.900000
EDGE;Olomouc;Vienna;110.500000
EDGE;Amsterdam;Haarlem;91.400000
EDGE;Amsterdam;Utrecht;89.200000
EDGE;Amsterdam;Leiden;96.900000
EDGE;Amsterdam;TheHague;104.200000
EDGE;Amsterdam;Rotterdam;108.000000
EDGE;Amsterdam;Arnhem;104.500000
EDGE;Amsterdam;Zwolle;107.000000
EDGE;Amsterdam;Breda;102.600000
EDGE;Amsterdam;Nijmegen;110.400000
EDGE;Amsterdam;Tilburg;109.700000
EDGE;Amsterdam;Eindhoven;119.900000
EDGE;Amsterdam;Antwerp;116.200000
EDGE;Amsterdam;Enschede;118.200000
EDGE;Amsterdam;Groningen;119.500000
EDGE;Amsterdam;Duisburg;118.700000
EDGE;Amsterdam;Leuven;116.800000
EDGE;Amsterdam;Ghent;120.200000
EDGE;Amsterdam;Bruges;113.400000
EDGE;Amsterdam;Brussels;120.200000
EDGE;Brussels;Leuven;95.900000
EDGE;Antwerp;Brussels;97.500000
EDGE;Brussels;Ghent;98.500000
EDGE;Brussels;Namur;110.600000
EDGE;Breda;Brussels;108.300000
EDGE;Bruges;Brussels;105.700000
EDGE;Brussels;Liege;106.900000
EDGE;Brussels;Lille;109.000000
EDGE;Brussels;Maastricht;110.400000
EDGE;Brussels;Tilburg;110.100000
EDGE;Brussels;Eindhoven;119.600000
EDGE;Brussels;Rotterdam;116.900000
EDGE;Brussels;Charleville;120.100000
EDGE;Brussels;TheHague;114.800000
EDGE;Brussels;Leiden;119.000000
EDGE;Brussels;Utrecht;111.700000
EDGE;Brussels;Nijmegen;120.200000
EDGE;Arnhem;Brussels;112.500000
EDGE;Brussels;Haarlem;114.000000
EDGE;Brussels;Calais;120.100000
EDGE;Pilsen;Prague;101.000000
EDGE;Liberec;Prague;92.100000
EDGE;Hradec Kralove;Prague;102.300000
EDGE;Dresden;Prague;102.600000
EDGE;Ceske Budejovice;Prague;107.600000
EDGE;Prague;Walbrzych;108.700000
EDGE;Radom;Warsaw;98.200000
EDGE;Plock;Warsaw;101.800000
EDGE;Lodz;Warsaw;102.000000
EDGE;Lublin;Warsaw;109.000000
EDGE;Kielce;Warsaw;108.600000
EDGE;Olsztyn;Warsaw;110.400000
EDGE;Budapest;Kecskemet;77.000000
EDGE;Budapest;Gyor;83.600000
EDGE;Budapest;Nitra;81.400000
EDGE;Banska Bystrica;Budapest;83.900000
EDGE;Budapest;Trnava;84.100000
EDGE;Budapest;Miskolc;83.500000
EDGE;Bratislava;Budapest;83.300000
EDGE;Budapest;Szeged;75.600000
EDGE;Budapest;Subotica;84.000000
EDGE;Budapest;Pecs;81.100000
EDGE;Stockholm;Vasteras;60.600000
EDGE;Norrkoping;Stockholm;65.500000
EDGE;Orebro;Stockholm;71.500000
EDGE;Linkoping;Stockholm;73.900000
EDGE;Stockholm;Turku;104.900000
EDGE;Copenhagen;Malmo;90.300000
EDGE;Copenhagen;Helsingborg;88.200000
EDGE;Copenhagen;Odense;117.800000
EDGE;Aarhus;Copenhagen;112.000000
EDGE;Copenhagen;Rostock;102.400000
EDGE;Drammen;Oslo;61.000000
EDGE;Kristiansand;Oslo;74.000000
EDGE;Gothenburg;Oslo;71.800000
EDGE;Helsinki;Tallinn;90.000000
EDGE;Helsinki;Turku;92.700000
EDGE;Helsinki;Tampere;100.900000
EDGE;Helsinki;Lappeenranta;98.100000
EDGE;Lisbon;Setubal;81.500000
EDGE;Evora;Lisbon;110.400000
EDGE;Coimbra;Lisbon;102.300000
EDGE;Dublin;Waterford;95.500000
EDGE;Belfast;Dublin;92.100000
EDGE;Dublin;Limerick;98.800000
EDGE;Dublin;Galway;99.800000
EDGE;Athens;Piraeus;68.900000
EDGE;Athens;Chalkis;75.100000
EDGE;Athens;Volos;79.800000
EDGE;Athens;Patras;83.300000
EDGE;Plovdiv;Sofia;81.400000
EDGE;Nis;Sofia;81.800000
EDGE;Skopje;Sofia;81.300000
EDGE;Pristina;Sofia;74.200000
EDGE;Bucharest;Ploiesti;79.200000
EDGE;Bucharest;Ruse;79.800000
EDGE;Brasov;Bucharest;78.400000
EDGE;Bucharest;Craiova;85.500000
EDGE;Belgrade;Pancevo;55.000000
EDGE;Belgrade;Novi Sad;55.000000
EDGE;Belgrade;Kragujevac;55.000000
EDGE;Belgrade;Timisoara;55.700000
EDGE;Belgrade;Subotica;58.900000
EDGE;Belgrade;Szeged;58.400000
EDGE;Belgrade;Osijek;55.000000
EDGE;Arad;Belgrade;55.000000
EDGE;Maribor;Zagreb;71.100000
EDGE;Ljubljana;Zagreb;55.000000
EDGE;Rijeka;Zagreb;55.500000
EDGE;Graz;Zagreb;73.300000
EDGE;Banja Luka;Zagreb;56.600000
EDGE;Klagenfurt;Zagreb;70.600000
EDGE;Trieste;Zagreb;55.900000
EDGE;Winterthur;Zurich;62.000000
EDGE;Lucerne;Zurich;65.700000
EDGE;Constance;Zurich;73.300000
EDGE;St Gallen;Zurich;65.700000
EDGE;Basel;Zurich;73.300000
EDGE;Freiburg;Zurich;68.500000
EDGE;Chur;Zurich;69.500000
EDGE;Bern;Zurich;67.800000
EDGE;Mulhouse;Zurich;67.900000
EDGE;Colmar;Zurich;76.300000
EDGE;Reutlingen;Zurich;111.300000
EDGE;Strasbourg;Zurich;118.900000
EDGE;Lugano;Zurich;76.300000
EDGE;Ulm;Zurich;115.900000
EDGE;Stuttgart;Zurich;119.900000
EDGE;Pforzheim;Zurich;118.900000
EDGE;Lausanne;Zurich;72.700000
EDGE;Geneva;Lausanne;73.100000
EDGE;Geneva;Lyon;119.400000
EDGE;Besancon;Geneva;70.600000
EDGE;Geneva;Grenoble;70.700000
EDGE;Bern;Geneva;71.700000
EDGE;Dijon;Geneva;73.100000
EDGE;Geneva;Saint-Etienne;120.200000
EDGE;Geneva;Valence;78.800000
EDGE;Geneva;Turin;76.600000
EDGE;Como;Milan;65.800000
EDGE;Milan;Novara;62.400000
EDGE;Bergamo;Milan;58.400000
EDGE;Lugano;Milan;65.200000
EDGE;Alessandria;Milan;65.800000
EDGE;Brescia;Milan;67.200000
EDGE;Milan;Parma;78.500000
EDGE;Genoa;Milan;79.500000
EDGE;Milan;Turin;79.300000
EDGE;Milan;Verona;73.800000
EDGE;Milan;Reggio Emilia;78.600000
EDGE;Chur;Milan;79.800000
EDGE;Milan;Modena;74.600000
EDGE;Milan;Trento;79.900000
EDGE;Foggia;Naples;63.200000
EDGE;Naples;Potenza;62.900000
EDGE;Naples;Pescara;61.900000
EDGE;Augsburg;Munich;110.400000
EDGE;Ingolstadt;Munich;107.100000
EDGE;Innsbruck;Munich;73.600000
EDGE;Munich;Regensburg;117.500000
EDGE;Munich;Salzburg;110.600000
EDGE;Munich;Ulm;119.800000
EDGE;Munich;Passau;108.700000
EDGE;Munich;Nuremberg;115.600000
EDGE;Frankfurt;Mainz;96.000000
EDGE;Frankfurt;Mannheim;108.900000
EDGE;Frankfurt;Wurzburg;106.000000
EDGE;Frankfurt;Siegen;108.400000
EDGE;Frankfurt;Heilbronn;115.000000
EDGE;Frankfurt;Karlsruhe;114.800000
EDGE;Bonn;Frankfurt;111.900000
EDGE;Frankfurt;Pforzheim;119.300000
EDGE;Frankfurt;Kassel;111.900000
EDGE;Frankfurt;Trier;118.500000
EDGE;Frankfurt;Stuttgart;120.200000
EDGE;Cologne;Frankfurt;119.900000
EDGE;Frankfurt;Saarbrucken;115.200000
EDGE;Frankfurt;Wuppertal;120.100000
EDGE;Hamburg;Lubeck;107.000000
EDGE;Hamburg;Kiel;109.100000
EDGE;Bremen;Hamburg;102.100000
EDGE;Hamburg;Hannover;119.200000
EDGE;Flensburg;Hamburg;117.900000
EDGE;Braunschweig;Hamburg;119.700000
EDGE;Hamburg;Rostock;110.200000
EDGE;Bonn;Cologne;97.100000
EDGE;Cologne;Dusseldorf;92.400000
EDGE;Cologne;Wuppertal;93.900000
EDGE;Cologne;Duisburg;103.800000
EDGE;Cologne;Essen;106.400000
EDGE;Bochum;Cologne;110.600000
EDGE;Cologne;Dortmund;108.600000
EDGE;Cologne;Siegen;109.400000
EDGE;Cologne;Maastricht;101.900000
EDGE;Cologne;Liege;115.500000
EDGE;Cologne;Eindhoven;110.300000
EDGE;Cologne;Munster;117.100000
EDGE;Cologne;Nijmegen;114.300000
EDGE;Cologne;Trier;112.000000
EDGE;Arnhem;Cologne;110.800000
EDGE;Cologne;Mainz;119.300000
EDGE;Cologne;Enschede;114.300000
EDGE;Cologne;Tilburg;116.200000
EDGE;Cologne;Paderborn;115.500000
EDGE;Cologne;Namur;113.500000
EDGE;Cologne;Leuven;119.000000
EDGE;Cologne;Luxembourg;120.200000
EDGE;Bielefeld;Cologne;119.800000
EDGE;Breda;Cologne;115.800000
EDGE;Lyon;Saint-Etienne;98.100000
EDGE;Lyon;Valence;110.500000
EDGE;Grenoble;Lyon;101.700000
EDGE;Clermont-Ferrand;Lyon;115.700000
EDGE;Lausanne;Lyon;79.700000
EDGE;Marseille;Toulon;90.000000
EDGE;Avignon;Marseille;109.600000
EDGE;Marseille;Nimes;118.400000
EDGE;Marseille;Montpellier;110.600000
EDGE;Marseille;Nice;110.300000
EDGE;Marseille;Valence;118.400000
EDGE;Barcelona;Tarragona;101.800000
EDGE;Barcelona;Lleida;110.400000
EDGE;Barcelona;Perpignan;73.500000
EDGE;Barcelona;Palma;109.300000
EDGE;Castellon;Valencia;100.800000
EDGE;Alicante;Valencia;110.600000
EDGE;Albacete;Valencia;109.400000
EDGE;Murcia;Valencia;109.400000
EDGE;Huelva;Seville;101.800000
EDGE;Cadiz;Seville;101.600000
EDGE;Cordoba;Seville;103.600000
EDGE;Malaga;Seville;109.300000
EDGE;Faro;Seville;109.600000
EDGE;Braga;Porto;90.700000
EDGE;Aveiro;Porto;101.700000
EDGE;Coimbra;Porto;110.500000
EDGE;Porto;Vigo;106.000000
EDGE;A Coruna;Porto;110.100000
EDGE;Belfast;Glasgow;101.000000
EDGE;Belfast;Blackpool;98.400000
EDGE;Dundee;Edinburgh;87.800000
EDGE;Edinburgh;Glasgow;92.900000
EDGE;Edinburgh;Newcastle;101.000000
EDGE;Aberdeen;Edinburgh;77.100000
EDGE;Edinburgh;Sunderland;94.600000
EDGE;Edinburgh;Inverness;75.400000
EDGE;Dundee;Glasgow;93.100000
EDGE;Manchester;Warrington;76.900000
EDGE;Manchester;Preston;82.500000
EDGE;Bradford;Manchester;80.800000
EDGE;Liverpool;Manchester;80.800000
EDGE;Manchester;Sheffield;89.600000
EDGE;Manchester;Stoke;85.000000
EDGE;Leeds;Manchester;92.100000
EDGE;Blackpool;Manchester;83.200000
EDGE;Derby;Manchester;92.000000
EDGE;Manchester;Telford;90.900000
EDGE;Manchester;York;92.300000
EDGE;Manchester;Nottingham;92.800000
EDGE;Manchester;Wolverhampton;88.900000
EDGE;Birmingham;Manchester;91.600000
EDGE;Leicester East;Manchester;100.500000
EDGE;Leicester;Manchester;91.800000
EDGE;Coventry;Manchester;93.700000
EDGE;Hull;Manchester;100.300000
EDGE;Manchester;Middlesbrough;97.400000
EDGE;Manchester;Northampton;98.500000
EDGE;Manchester;Peterborough;100.500000
EDGE;Manchester;Sunderland;97.100000
EDGE;Manchester;Newcastle;96.500000
EDGE;Birmingham;Wolverhampton;73.000000
EDGE;Birmingham;Coventry;78.500000
EDGE;Birmingham;Telford;75.800000
EDGE;Birmingham;Leicester;92.600000
EDGE;Birmingham;Derby;91.600000
EDGE;Birmingham;Stoke;87.200000
EDGE;Birmingham;Leicester East;86.400000
EDGE;Birmingham;Gloucester;90.400000
EDGE;Birmingham;Nottingham;92.100000
EDGE;Birmingham;Northampton;93.000000
EDGE;Birmingham;Oxford;92.200000
EDGE;Birmingham;Milton Keynes;92.900000
EDGE;Birmingham;Sheffield;91.900000
EDGE;Birmingham;Warrington;93.300000
EDGE;Birmingham;Peterborough;96.900000
EDGE;Birmingham;Luton;95.900000
EDGE;Birmingham;Bristol;101.000000
EDGE;Birmingham;Liverpool;98.600000
EDGE;Birmingham;Reading;100.500000
EDGE;Birmingham;Cambridge;115.200000
EDGE;Birmingham;Cardiff;96.900000
EDGE;Birmingham;Bradford;97.100000
EDGE;Birmingham;Leeds;97.100000
EDGE;Birmingham;Preston;96.700000
EDGE;Birmingham;Swansea;97.200000
EDGE;Birmingham;Blackpool;100.400000
EDGE;Birmingham;York;96.200000
EDGE;Birmingham;Hull;100.500000
EDGE;Boras;Gothenburg;100.500000
EDGE;Fredrikshavn;Gothenburg;110.400000
EDGE;Gothenburg;Jonkoping;109.500000
EDGE;Aalborg;Gothenburg;117.300000
EDGE;Gothenburg;Helsingborg;106.700000
EDGE;Helsingborg;Malmo;101.500000
EDGE;Malmo;Odense;113.800000
EDGE;Malmo;Rostock;103.700000
EDGE;Bielsko-Biala;Krakow;77.300000
EDGE;Katowice;Krakow;68.700000
EDGE;Czestochowa;Krakow;78.500000
EDGE;Kielce;Krakow;83.700000
EDGE;Krakow;Ostrava;83.800000
EDGE;Krakow;Zilina;83.000000
EDGE;Krakow;Rzeszow;83.600000
EDGE;Krakow;Presov;77.900000
EDGE;Banska Bystrica;Krakow;83.800000
EDGE;Krakow;Opole;75.100000
EDGE;Krakow;Radom;109.300000
EDGE;Gdansk;Kaliningrad;106.700000
EDGE;Gdansk;Olsztyn;105.900000
EDGE;Bydgoszcz;Gdansk;103.600000
EDGE;Gdansk;Torun;102.300000
EDGE;Gdansk;Plock;114.600000
EDGE;Daugavpils;Riga;110.500000
EDGE;Liepaja;Riga;105.000000
EDGE;Riga;Tartu;110.200000
EDGE;Tallinn;Tartu;101.000000
EDGE;Tallinn;Turku;100.400000
EDGE;Kaunas;Vilnius;76.600000
EDGE;Grodno;Vilnius;85.300000
EDGE;Daugavpils;Vilnius;108.100000
EDGE;Minsk;Vilnius;86.600000
EDGE;Bialystok;Vilnius;89.900000
EDGE;Bratislava;Trnava;66.300000
EDGE;Bratislava;Gyor;73.000000
EDGE;Bratislava;Nitra;77.500000
EDGE;Bratislava;Brno;110.600000
EDGE;Bratislava;Olomouc;84.000000
EDGE;Banska Bystrica;Bratislava;78.300000
EDGE;Bratislava;Zilina;81.900000
EDGE;Bratislava;Graz;101.500000
EDGE;Klagenfurt;Ljubljana;66.600000
EDGE;Ljubljana;Trieste;55.000000
EDGE;Ljubljana;Rijeka;55.000000
EDGE;Ljubljana;Udine;67.900000
EDGE;Ljubljana;Maribor;73.600000
EDGE;Graz;Ljubljana;71.300000
EDGE;Ljubljana;Pula;55.700000
EDGE;Mostar;Sarajevo;55.000000
EDGE;Dubrovnik;Sarajevo;59.700000
EDGE;Banja Luka;Sarajevo;55.000000
EDGE;Kotor;Sarajevo;55.600000
EDGE;Sarajevo;Split;55.000000
EDGE;Podgorica;Sarajevo;57.100000
EDGE;Pristina;Skopje;55.000000
EDGE;Bitola;Skopje;55.000000
EDGE;Nis;Skopje;56.800000
EDGE;Skopje;Tirana;55.000000
EDGE;Shkoder;Skopje;59.100000
EDGE;Durres;Tirana;59.900000
EDGE;Shkoder;Tirana;55.000000
EDGE;Bitola;Tirana;76.200000
EDGE;Podgorica;Tirana;58.600000
EDGE;Kotor;Tirana;59.500000
EDGE;Drama;Thessaloniki;83.600000
EDGE;Larissa;Thessaloniki;73.800000
EDGE;Kavala;Thessaloniki;81.700000
EDGE;Bitola;Thessaloniki;77.300000
EDGE;Thessaloniki;Volos;83.500000
EDGE;Skopje;Thessaloniki;75.600000
EDGE;Bursa;Istanbul;79.100000
EDGE;Istanbul;Tekirdag;91.400000
EDGE;Istanbul;Kirklareli;87.200000
EDGE;Burgas;Istanbul;89.900000
EDGE;Angouleme;Bordeaux;115.800000
EDGE;Bordeaux;La Rochelle;116.000000
EDGE;Bordeaux;Niort;115.800000
EDGE;Bayonne;Bordeaux;109.600000
EDGE;Bordeaux;Brive;113.400000
EDGE;Bordeaux;Pau;118.900000
EDGE;Pau;Toulouse;75.600000
EDGE;Perpignan;Toulouse;74.800000
EDGE;Brive;Toulouse;114.800000
EDGE;Montpellier;Toulouse;79.800000
EDGE;Angers;Nantes;99.000000
EDGE;Nantes;Rennes;97.100000
EDGE;Nantes;Vannes;109.700000
EDGE;La Rochelle;Nantes;110.600000
EDGE;Nantes;Niort;104.200000
EDGE;Lorient;Nantes;100.700000
EDGE;Le Mans;Nantes;113.800000
EDGE;Nantes;Poitiers;117.500000
EDGE;Nantes;Tours;112.900000
EDGE;Colmar;Strasbourg;110.400000
EDGE;Freiburg;Strasbourg;109.800000
EDGE;Karlsruhe;Strasbourg;110.100000
EDGE;Pforzheim;Strasbourg;104.500000
EDGE;Saarbrucken;Strasbourg;104.700000
EDGE;Mulhouse;Strasbourg;102.700000
EDGE;Strasbourg;Stuttgart;120.000000
EDGE;Reutlingen;Strasbourg;115.400000
EDGE;Mannheim;Strasbourg;118.700000
EDGE;Basel;Strasbourg;119.400000
EDGE;Nancy;Strasbourg;113.000000
EDGE;Heilbronn;Strasbourg;119.200000
EDGE;Metz;Strasbourg;117.700000
EDGE;Strasbourg;Winterthur;119.100000
EDGE;Constance;Strasbourg;119.400000
EDGE;Strasbourg;Trier;119.100000
EDGE;Mainz;Strasbourg;111.200000
EDGE;Luxembourg;Strasbourg;110.200000
EDGE;Strasbourg;Ulm;117.700000
EDGE;Reutlingen;Stuttgart;94.300000
EDGE;Pforzheim;Stuttgart;91.900000
EDGE;Heilbronn;Stuttgart;97.800000
EDGE;Karlsruhe;Stuttgart;110.300000
EDGE;Stuttgart;Ulm;106.200000
EDGE;Mannheim;Stuttgart;108.800000
EDGE;Constance;Stuttgart;119.200000
EDGE;Stuttgart;Wurzburg;112.100000
EDGE;Freiburg;Stuttgart;119.600000
EDGE;Augsburg;Stuttgart;110.800000
EDGE;Stuttgart;Winterthur;117.700000
EDGE;Mainz;Stuttgart;111.700000
EDGE;St Gallen;Stuttgart;118.200000
EDGE;Colmar;Stuttgart;120.100000
EDGE;Nuremberg;Stuttgart;118.300000
EDGE;Ingolstadt;Stuttgart;118.600000
EDGE;Saarbrucken;Stuttgart;113.700000
EDGE;Halle;Leipzig;89.900000
EDGE;Leipzig;Magdeburg;110.600000
EDGE;Dresden;Leipzig;109.500000
EDGE;Erfurt;Leipzig;111.400000
EDGE;Leipzig;Potsdam;109.600000
EDGE;Braunschweig;Leipzig;113.300000
EDGE;Gottingen;Leipzig;114.900000
EDGE;Dresden;Liberec;95.000000
EDGE;Dresden;Halle;102.500000
EDGE;Dresden;Pilsen;110.600000
EDGE;Dresden;Potsdam;109.400000
EDGE;Dresden;Hradec Kralove;107.600000
EDGE;Ingolstadt;Nuremberg;110.500000
EDGE;Nuremberg;Regensburg;109.900000
EDGE;Nuremberg;Wurzburg;110.200000
EDGE;Augsburg;Nuremberg;116.600000
EDGE;Heilbronn;Nuremberg;114.400000
EDGE;Nuremberg;Ulm;120.100000
EDGE;Nuremberg;Pilsen;101.000000
EDGE;Erfurt;Nuremberg;111.200000
EDGE;Nuremberg;Reutlingen;119.400000
EDGE;Bremen;Hannover;112.100000
EDGE;Bielefeld;Bremen;115.500000
EDGE;Braunschweig;Bremen;119.000000
EDGE;Bremen;Munster;116.000000
EDGE;Bremen;Groningen;120.200000
EDGE;Bremen;Paderborn;119.500000
EDGE;Bremen;Lubeck;112.600000
EDGE;Bremen;Enschede;119.900000
EDGE;Bremen;Kiel;119.500000
EDGE;Braunschweig;Hannover;110.600000
EDGE;Bielefeld;Hannover;101.100000
EDGE;Gottingen;Hannover;110.500000
EDGE;Hannover;Paderborn;110.600000
EDGE;Hannover;Kassel;119.600000
EDGE;Hannover;Magdeburg;120.000000
EDGE;Hannover;Munster;111.800000
EDGE;Rotterdam;TheHague;95.000000
EDGE;Leiden;Rotterdam;89.500000
EDGE;Breda;Rotterdam;91.000000
EDGE;Rotterdam;Utrecht;97.100000
EDGE;Haarlem;Rotterdam;110.600000
EDGE;Rotterdam;Tilburg;101.400000
EDGE;Antwerp;Rotterdam;105.100000
EDGE;Eindhoven;Rotterdam;105.300000
EDGE;Nijmegen;Rotterdam;107.100000
EDGE;Arnhem;Rotterdam;104.600000
EDGE;Ghent;Rotterdam;117.400000
EDGE;Leuven;Rotterdam;119.500000
EDGE;Bruges;Rotterdam;119.400000
EDGE;Rotterdam;Zwolle;120.000000
EDGE;Maastricht;Rotterdam;118.700000
EDGE;Liege;Rotterdam;120.200000
EDGE;Namur;Rotterdam;117.900000
EDGE;Duisburg;Rotterdam;115.900000
EDGE;Enschede;Rotterdam;120.000000
EDGE;Lille;Rotterdam;118.200000
EDGE;Leiden;TheHague;98.200000
EDGE;Haarlem;TheHague;92.800000
EDGE;TheHague;Utrecht;101.800000
EDGE;Breda;TheHague;108.800000
EDGE;TheHague;Tilburg;108.900000
EDGE;Antwerp;TheHague;107.400000
EDGE;Eindhoven;TheHague;120.100000
EDGE;Nijmegen;TheHague;119.600000
EDGE;Arnhem;TheHague;120.200000
EDGE;Ghent;TheHague;119.200000
EDGE;Bruges;TheHague;117.000000
EDGE;TheHague;Zwolle;117.800000
EDGE;Leuven;TheHague;116.900000
EDGE;Maastricht;TheHague;118.100000
EDGE;Leiden;Utrecht;96.900000
EDGE;Haarlem;Utrecht;95.400000
EDGE;Arnhem;Utrecht;110.200000
EDGE;Nijmegen;Utrecht;110.600000
EDGE;Tilburg;Utrecht;110.500000
EDGE;Breda;Utrecht;106.600000
EDGE;Eindhoven;Utrecht;110.400000
EDGE;Utrecht;Zwolle;107.300000
EDGE;Antwerp;Utrecht;114.400000
EDGE;Enschede;Utrecht;117.900000
EDGE;Duisburg;Utrecht;113.100000
EDGE;Leuven;Utrecht;118.900000
EDGE;Maastricht;Utrecht;119.600000
EDGE;Essen;Utrecht;120.100000
EDGE;Dusseldorf;Utrecht;117.700000
EDGE;Ghent;Utrecht;120.100000
EDGE;Bochum;Utrecht;113.700000
EDGE;Groningen;Utrecht;120.000000
EDGE;Bruges;Utrecht;119.000000
EDGE;Liege;Utrecht;116.100000
EDGE;Utrecht;Wuppertal;119.500000
EDGE;Munster;Utrecht;116.700000
EDGE;Dortmund;Utrecht;114.600000
EDGE;Antwerp;Leuven;97.500000
EDGE;Antwerp;Breda;94.000000
EDGE;Antwerp;Ghent;109.800000
EDGE;Antwerp;Tilburg;110.600000
EDGE;Antwerp;Eindhoven;108.800000
EDGE;Antwerp;Bruges;101.100000
EDGE;Antwerp;Namur;110.200000
EDGE;Antwerp;Maastricht;109.500000
EDGE;Antwerp;Leiden;120.000000
EDGE;Antwerp;Liege;114.200000
EDGE;Antwerp;Lille;116.800000
EDGE;Antwerp;Nijmegen;120.000000
EDGE;Antwerp;Haarlem;116.400000
EDGE;Antwerp;Arnhem;117.200000
EDGE;Antwerp;Charleville;120.100000
EDGE;Antwerp;Duisburg;116.100000
EDGE;Antwerp;Dusseldorf;115.700000
EDGE;Bruges;Ghent;93.200000
EDGE;Ghent;Lille;105.700000
EDGE;Ghent;Leuven;107.700000
EDGE;Breda;Ghent;108.700000
EDGE;Ghent;Namur;110.600000
EDGE;Ghent;Tilburg;113.600000
EDGE;Eindhoven;Ghent;112.300000
EDGE;Calais;Ghent;111.500000
EDGE;Ghent;Leiden;115.200000
EDGE;Ghent;Liege;117.700000
EDGE;Ghent;Maastricht;111.800000
EDGE;Charleville;Ghent;116.200000
EDGE;Ghent;Haarlem;119.600000
EDGE;Amiens;Ghent;112.300000
EDGE;Ghent;Nijmegen;111.400000
EDGE;Liege;Maastricht;96.900000
EDGE;Liege;Namur;107.600000
EDGE;Leuven;Liege;110.100000
EDGE;Eindhoven;Liege;105.700000
EDGE;Bonn;Liege;115.900000
EDGE;Dusseldorf;Liege;120.100000
EDGE;Liege;Tilburg;114.600000
EDGE;Charleville;Liege;111.200000
EDGE;Breda;Liege;112.100000
EDGE;Liege;Luxembourg;115.500000
EDGE;Duisburg;Liege;115.400000
EDGE;Liege;Trier;119.800000
EDGE;Liege;Wuppertal;115.400000
EDGE;Essen;Liege;117.600000
EDGE;Liege;Nijmegen;116.600000
EDGE;Bochum;Liege;119.500000
EDGE;Arnhem;Liege;114.600000
EDGE;Dortmund;Liege;114.000000
EDGE;Liege;Metz;116.900000
EDGE;Liege;Siegen;110.400000
EDGE;Luxembourg;Trier;94.400000
EDGE;Luxembourg;Metz;110.500000
EDGE;Luxembourg;Saarbrucken;109.400000
EDGE;Luxembourg;Nancy;113.600000
EDGE;Charleville;Luxembourg;118.700000
EDGE;Luxembourg;Namur;111.200000
EDGE;Luxembourg;Maastricht;113.200000
EDGE;Bonn;Luxembourg;113.200000
EDGE;Luxembourg;Reims;114.400000
EDGE;Luxembourg;Mainz;116.700000
EDGE;Luxembourg;Mannheim;115.600000
EDGE;Leuven;Luxembourg;118.500000
EDGE;Basel;Mulhouse;63.000000
EDGE;Basel;Freiburg;72.200000
EDGE;Basel;Colmar;110.300000
EDGE;Basel;Bern;69.000000
EDGE;Basel;Lucerne;69.300000
EDGE;Basel;Winterthur;71.100000
EDGE;Basel;Constance;78.700000
EDGE;Basel;Besancon;73.200000
EDGE;Basel;St Gallen;72.300000
EDGE;Basel;Lausanne;74.700000
EDGE;Basel;Reutlingen;117.900000
EDGE;Basel;Nancy;117.500000
EDGE;Basel;Chur;75.000000
EDGE;Basel;Pforzheim;117.100000
EDGE;Basel;Karlsruhe;111.200000
EDGE;Bern;Lucerne;72.700000
EDGE;Bern;Lausanne;71.500000
EDGE;Bern;Mulhouse;71.700000
EDGE;Bern;Besancon;79.700000
EDGE;Bern;Winterthur;75.200000
EDGE;Bern;Freiburg;73.600000
EDGE;Bern;Colmar;70.800000
EDGE;Bern;Constance;76.000000
EDGE;Bern;St Gallen;79.100000
EDGE;Bern;Lugano;71.200000
EDGE;Bern;Chur;79.200000
EDGE;Alessandria;Turin;63.700000
EDGE;Novara;Turin;63.700000
EDGE;Genoa;Turin;78.800000
EDGE;Como;Turin;79.600000
EDGE;Lugano;Turin;70.400000
EDGE;Grenoble;Turin;73.100000
EDGE;Nice;Turin;119.400000
EDGE;Bergamo;Turin;74.400000
EDGE;Alessandria;Genoa;72.400000
EDGE;Genoa;Novara;79.900000
EDGE;Genoa;Parma;72.200000
EDGE;Genoa;Reggio Emilia;72.400000
EDGE;Genoa;Pisa;111.100000
EDGE;Genoa;Livorno;118.500000
EDGE;Genoa;Nice;112.400000
EDGE;Bergamo;Genoa;79.900000
EDGE;Como;Genoa;72.700000
EDGE;Genoa;Modena;79.500000
EDGE;Brescia;Genoa;79.900000
EDGE;Padua;Venice;56.400000
EDGE;Ferrara;Venice;73.500000
EDGE;Udine;Venice;58.100000
EDGE;Venice;Verona;79.600000
EDGE;Ravenna;Venice;64.500000
EDGE;Trieste;Venice;68.300000
EDGE;Trento;Venice;78.500000
EDGE;Bologna;Venice;78.700000
EDGE;Pula;Venice;67.400000
EDGE;Modena;Venice;78.300000
EDGE;Rimini;Venice;70.100000
EDGE;Reggio Emilia;Venice;79.300000
EDGE;Rijeka;Venice;67.300000
EDGE;Brescia;Venice;72.600000
EDGE;Parma;Venice;72.400000
EDGE;Florence;Siena;84.200000
EDGE;Florence;Pisa;84.200000
EDGE;Florence;Livorno;79.800000
EDGE;Bologna;Florence;84.200000
EDGE;Florence;Modena;84.200000
EDGE;Florence;Ravenna;91.000000
EDGE;Florence;Rimini;82.700000
EDGE;Florence;Reggio Emilia;91.000000
EDGE;Florence;Perugia;90.600000
EDGE;Ferrara;Florence;90.900000
EDGE;Florence;Parma;91.100000
EDGE;Bologna;Modena;65.000000
EDGE;Bologna;Ferrara;63.700000
EDGE;Bologna;Reggio Emilia;67.500000
EDGE;Bologna;Ravenna;75.700000
EDGE;Bologna;Parma;67.200000
EDGE;Bologna;Rimini;91.100000
EDGE;Bologna;Verona;78.700000
EDGE;Bologna;Padua;71.100000
EDGE;Bologna;Pisa;81.900000
EDGE;Bologna;Siena;83.000000
EDGE;Bologna;Livorno;88.900000
EDGE;Bologna;Brescia;78.800000
EDGE;Catania;Palermo;57.800000
EDGE;Messina;Palermo;61.500000
EDGE;Palermo;Reggio Calabria;60.400000
EDGE;Catania;Reggio Calabria;55.600000
EDGE;Catania;Messina;59.100000
EDGE;Catania;Cosenza;62.800000
EDGE;Bari;Taranto;68.600000
EDGE;Bari;Potenza;60.700000
EDGE;Bari;Foggia;55.400000
EDGE;Bari;Lecce;75.500000
EDGE;Bari;Dubrovnik;55.000000
EDGE;Bilbao;Santander;94.600000
EDGE;Bilbao;San Sebastian;100.300000
EDGE;Bilbao;Logrono;94.900000
EDGE;Bilbao;Pamplona;109.800000
EDGE;Bilbao;Burgos;104.000000
EDGE;Bayonne;Bilbao;108.700000
EDGE;Lleida;Zaragoza;110.300000
EDGE;Pamplona;Zaragoza;72.600000
EDGE;Logrono;Zaragoza;73.300000
EDGE;Tarragona;Zaragoza;102.600000
EDGE;Granada;Malaga;96.100000
EDGE;Jaen;Malaga;110.100000
EDGE;Cordoba;Malaga;109.300000
EDGE;Cadiz;Malaga;106.600000
EDGE;Almeria;Malaga;109.500000
EDGE;Alicante;Murcia;101.500000
EDGE;Albacete;Alicante;102.400000
EDGE;Alicante;Castellon;107.400000
EDGE;Aarhus;Odense;107.200000
EDGE;Aalborg;Aarhus;119.600000
EDGE;Aarhus;Esbjerg;111.400000
EDGE;Aarhus;Fredrikshavn;115.700000
EDGE;Aarhus;Helsingborg;118.500000
EDGE;Aarhus;Flensburg;112.600000
EDGE;Flensburg;Odense;106.100000
EDGE;Kiel;Odense;116.800000
EDGE;Esbjerg;Odense;114.200000
EDGE;Helsingborg;Odense;120.100000
EDGE;Lubeck;Odense;110.600000
EDGE;Bergen;Stavanger;66.100000
EDGE;Bergen;Drammen;72.000000
EDGE;Bergen;Kristiansand;73.100000
EDGE;Narvik;Tromso;72.100000
EDGE;Kiruna;Tromso;76.600000
EDGE;Bodo;Tromso;76.800000
EDGE;Oulu;Rovaniemi;100.800000
EDGE;Lulea;Oulu;97.000000
EDGE;Kuopio;Oulu;99.900000
EDGE;Tampere;Turku;99.600000
EDGE;Jyvaskyla;Tampere;92.200000
EDGE;Tampere;Vaasa;97.100000
EDGE;Akureyri;Reykjavik;99.600000
EDGE;Chernihiv;Kiev;78.200000
EDGE;Kiev;Zhytomyr;82.400000
EDGE;Kiev;Vinnytsia;86.200000
EDGE;Moscow;Tver;77.700000
EDGE;Moscow;Tula;73.100000
EDGE;Moscow;Vladimir;81.700000
EDGE;Novgorod;StPetersburg;100.800000
EDGE;Lappeenranta;StPetersburg;93.600000
EDGE;Pskov;StPetersburg;104.100000
EDGE;Minsk;Mogilev;85.600000
EDGE;Minsk;Vitebsk;89.800000
EDGE;Chisinau;Tiraspol;76.800000
EDGE;Chisinau;Iasi;73.400000
EDGE;Chisinau;Odessa;80.300000
EDGE;Chisinau;Galati;86.600000
EDGE;Ankara;Konya;94.000000
EDGE;Ankara;Bursa;86.400000
EDGE;Izmir;Rhodes;93.000000
EDGE;Bursa;Izmir;93.000000
EDGE;Izmir;Tekirdag;95.000000
EDGE;Ivano-Frankivsk;Lviv;65.700000
EDGE;Lviv;Ternopil;63.600000
EDGE;Lviv;Rzeszow;62.400000
EDGE;Lviv;Rivne;58.200000
EDGE;Belgorod;Kharkiv;74.800000
EDGE;Kharkiv;Poltava;82.200000
EDGE;Kharkiv;Sumy;86.600000
EDGE;Dnipro;Kharkiv;81.300000
EDGE;Odessa;Tiraspol;79.400000
EDGE;Mykolaiv;Odessa;86.300000
EDGE;Kherson;Odessa;80.200000
EDGE;Galati;Odessa;88.900000
EDGE;Walbrzych;Wroclaw;100.600000
EDGE;Opole;Wroclaw;98.900000
EDGE;Hradec Kralove;Wroclaw;110.500000
EDGE;Liberec;Wroclaw;110.100000
EDGE;Poznan;Wroclaw;110.600000
EDGE;Czestochowa;Wroclaw;110.500000
EDGE;Ostrava;Wroclaw;82.600000
EDGE;Olomouc;Wroclaw;82.100000
EDGE;Katowice;Wroclaw;109.800000
EDGE;Bydgoszcz;Poznan;109.100000
EDGE;Gorzow;Poznan;106.400000
EDGE;Poznan;Torun;109.000000
EDGE;Lodz;Poznan;107.100000
EDGE;Lodz;Plock;97.300000
EDGE;Czestochowa;Lodz;104.100000
EDGE;Lodz;Radom;110.300000
EDGE;Kielce;Lodz;109.400000
EDGE;Lodz;Torun;105.800000
EDGE;Lodz;Opole;106.900000
EDGE;Katowice;Lodz;108.500000
EDGE;Bradford;Leeds;74.700000
EDGE;Leeds;York;79.100000
EDGE;Leeds;Sheffield;82.000000
EDGE;Leeds;Preston;88.600000
EDGE;Hull;Leeds;105.300000
EDGE;Leeds;Warrington;92.900000
EDGE;Leeds;Middlesbrough;92.100000
EDGE;Derby;Leeds;86.900000
EDGE;Leeds;Nottingham;83.500000
EDGE;Leeds;Stoke;93.000000
EDGE;Blackpool;Leeds;89.700000
EDGE;Leeds;Liverpool;99.800000
EDGE;Leeds;Sunderland;97.000000
EDGE;Leeds;Leicester East;101.000000
EDGE;Leeds;Newcastle;100.500000
EDGE;Leeds;Leicester;97.200000
EDGE;Leeds;Telford;99.000000
EDGE;Leeds;Wolverhampton;100.400000
EDGE;Coventry;Leeds;95.300000
EDGE;Leeds;Peterborough;115.600000
EDGE;Liverpool;Warrington;82.200000
EDGE;Liverpool;Preston;76.300000
EDGE;Blackpool;Liverpool;81.100000
EDGE;Liverpool;Stoke;92.800000
EDGE;Liverpool;Telford;89.100000
EDGE;Bradford;Liverpool;83.300000
EDGE;Liverpool;Sheffield;98.600000
EDGE;Liverpool;Wolverhampton;99.100000
EDGE;Derby;Liverpool;93.000000
EDGE;Liverpool;Nottingham;93.000000
EDGE;Liverpool;York;94.900000
EDGE;Coventry;Liverpool;97.000000
EDGE;Leicester;Liverpool;99.400000
EDGE;Leicester East;Liverpool;99.300000
EDGE;Liverpool;Middlesbrough;98.700000
EDGE;Newcastle;Sunderland;81.100000
EDGE;Middlesbrough;Newcastle;92.700000
EDGE;Newcastle;York;94.500000
EDGE;Bradford;Newcastle;98.000000
EDGE;Newcastle;Preston;94.000000
EDGE;Blackpool;Newcastle;92.300000
EDGE;Hull;Newcastle;119.100000
EDGE;Nice;Toulon;118.300000
EDGE;Alessandria;Nice;117.800000
EDGE;Avignon;Nice;116.500000
EDGE;Bristol;Cardiff;74.000000
EDGE;Bristol;Gloucester;84.000000
EDGE;Bristol;Swansea;92.900000
EDGE;Bristol;Oxford;87.300000
EDGE;Bristol;Southampton;98.700000
EDGE;Bristol;Exeter;100.100000
EDGE;Bristol;Reading;96.100000
EDGE;Bristol;Portsmouth;96.100000
EDGE;Bristol;Coventry;100.700000
EDGE;Bristol;Wolverhampton;97.700000
EDGE;Bristol;Telford;95.300000
EDGE;Bristol;Milton Keynes;99.400000
EDGE;Bristol;Northampton;99.100000
EDGE;Bristol;Luton;93.200000
EDGE;Bristol;Plymouth;96.000000
EDGE;Bristol;Leicester;100.100000
EDGE;Bristol;Stoke;100.200000
EDGE;Cardiff;Swansea;87.100000
EDGE;Cardiff;Gloucester;92.400000
EDGE;Cardiff;Exeter;89.200000
EDGE;Cardiff;Oxford;98.700000
EDGE;Cardiff;Southampton;99.000000
EDGE;Cardiff;Plymouth;98.200000
EDGE;Cardiff;Telford;100.800000
EDGE;Cardiff;Wolverhampton;99.800000
EDGE;Cardiff;Reading;98.100000
EDGE;Cardiff;Coventry;95.900000
EDGE;Cardiff;Portsmouth;100.600000
EDGE;Bradford;Sheffield;90.900000
EDGE;Derby;Sheffield;92.100000
EDGE;Nottingham;Sheffield;91.900000
EDGE;Sheffield;Stoke;83.600000
EDGE;Sheffield;York;91.600000
EDGE;Sheffield;Warrington;85.600000
EDGE;Leicester East;Sheffield;92.400000
EDGE;Hull;Sheffield;110.000000
EDGE;Leicester;Sheffield;83.500000
EDGE;Preston;Sheffield;92.300000
EDGE;Sheffield;Wolverhampton;87.700000
EDGE;Sheffield;Telford;98.000000
EDGE;Coventry;Sheffield;94.000000
EDGE;Blackpool;Sheffield;91.100000
EDGE;Peterborough;Sheffield;117.300000
EDGE;Northampton;Sheffield;97.200000
EDGE;Middlesbrough;Sheffield;100.200000
EDGE;Milton Keynes;Sheffield;97.700000
EDGE;Cambridge;Sheffield;115.700000
EDGE;Sheffield;Sunderland;98.200000
EDGE;Derby;Nottingham;81.000000
EDGE;Leicester East;Nottingham;74.500000
EDGE;Leicester;Nottingham;81.500000
EDGE;Coventry;Nottingham;92.800000
EDGE;Nottingham;Stoke;88.400000
EDGE;Nottingham;Peterborough;110.600000
EDGE;Nottingham;Wolverhampton;91.400000
EDGE;Northampton;Nottingham;86.900000
EDGE;Nottingham;Telford;92.600000
EDGE;Bradford;Nottingham;100.200000
EDGE;Hull;Nottingham;117.700000
EDGE;Milton Keynes;Nottingham;119.900000
EDGE;Nottingham;Warrington;98.000000
EDGE;Nottingham;York;101.000000
EDGE;Cambridge;Nottingham;120.200000
EDGE;Luton;Nottingham;119.400000
EDGE;Nottingham;Oxford;99.200000
EDGE;Nottingham;Preston;101.000000
EDGE;Gloucester;Nottingham;100.800000
EDGE;Blackpool;Nottingham;99.800000
EDGE;Nottingham;Reading;98.700000
EDGE;Norwich;Nottingham;110.200000
EDGE;Leicester;Leicester East;77.700000
EDGE;Coventry;Leicester;81.700000
EDGE;Derby;Leicester;75.000000
EDGE;Leicester;Northampton;83.000000
EDGE;Leicester;Peterborough;105.300000
EDGE;Leicester;Wolverhampton;84.400000
EDGE;Leicester;Milton Keynes;110.600000
EDGE;Leicester;Stoke;88.400000
EDGE;Leicester;Telford;84.500000
EDGE;Leicester;Luton;104.300000
EDGE;Cambridge;Leicester;107.600000
EDGE;Leicester;Oxford;91.600000
EDGE;Gloucester;Leicester;97.000000
EDGE;Leicester;Warrington;94.600000
EDGE;Leicester;Reading;100.000000
EDGE;Hull;Leicester;111.500000
EDGE;Bradford;Leicester;95.300000
EDGE;Leicester;York;95.000000
EDGE;Leicester;Preston;95.500000
EDGE;Leicester;Norwich;120.100000
EDGE;Ipswich;Leicester;116.500000
EDGE;Leicester;Southend;120.100000
EDGE;Coventry;Wolverhampton;75.100000
EDGE;Coventry;Northampton;82.500000
EDGE;Coventry;Leicester East;74.300000
EDGE;Coventry;Derby;90.300000
EDGE;Coventry;Milton Keynes;92.300000
EDGE;Coventry;Telford;87.800000
EDGE;Coventry;Oxford;92.800000
EDGE;Coventry;Gloucester;91.700000
EDGE;Coventry;Stoke;85.100000
EDGE;Coventry;Peterborough;108.100000
EDGE;Coventry;Luton;107.300000
EDGE;Coventry;Reading;101.000000
EDGE;Cambridge;Coventry;111.100000
EDGE;Coventry;Warrington;91.100000
EDGE;Bradford;Coventry;93.500000
EDGE;Coventry;Southampton;91.600000
EDGE;Coventry;Hull;120.100000
EDGE;Coventry;Preston;98.300000
EDGE;Coventry;York;97.900000
EDGE;Bradford;York;82.800000
EDGE;Bradford;Preston;92.900000
EDGE;Bradford;Warrington;88.600000
EDGE;Blackpool;Bradford;89.700000
EDGE;Bradford;Middlesbrough;90.800000
EDGE;Bradford;Stoke;86.900000
EDGE;Bradford;Hull;91.800000
EDGE;Bradford;Derby;85.100000
EDGE;Bradford;Sunderland;95.400000
EDGE;Bradford;Leicester East;95.600000
EDGE;Bradford;Telford;100.000000
EDGE;Bradford;Wolverhampton;98.400000
EDGE;Bradford;Peterborough;120.100000
EDGE;Aberdeen;Dundee;73.200000
EDGE;Aberdeen;Inverness;78.100000
EDGE;Aberdeen;Glasgow;78.800000
EDGE;Dundee;Inverness;77.600000
EDGE;Glasgow;Inverness;79.900000
EDGE;Dundee;Newcastle;92.500000
EDGE;Exeter;Plymouth;87.000000
EDGE;Plymouth;Swansea;100.000000
EDGE;Plymouth;Southampton;100.700000
EDGE;Exeter;Swansea;101.000000
EDGE;Exeter;Southampton;99.400000
EDGE;Exeter;Gloucester;91.200000
EDGE;Exeter;Portsmouth;97.100000
EDGE;Portsmouth;Southampton;78.300000
EDGE;Reading;Southampton;83.400000
EDGE;Oxford;Southampton;90.700000
EDGE;Gloucester;Southampton;95.600000
EDGE;Luton;Southampton;111.500000
EDGE;Milton Keynes;Southampton;95.800000
EDGE;Northampton;Southampton;98.900000
EDGE;Southampton;Southend;120.200000
EDGE;Portsmouth;Reading;92.200000
EDGE;Oxford;Portsmouth;100.400000
EDGE;Luton;Portsmouth;112.300000
EDGE;Milton Keynes;Portsmouth;117.700000
EDGE;Gloucester;Portsmouth;98.300000
EDGE;Portsmouth;Southend;115.600000
EDGE;Northampton;Portsmouth;115.500000
EDGE;Le Havre;Portsmouth;119.900000
EDGE;Oxford;Reading;80.500000
EDGE;Luton;Reading;110.200000
EDGE;Milton Keynes;Reading;110.000000
EDGE;Northampton;Reading;105.500000
EDGE;Gloucester;Reading;92.500000
EDGE;Cambridge;Reading;120.000000
EDGE;Reading;Southend;119.400000
EDGE;Peterborough;Reading;114.000000
EDGE;Leicester East;Reading;110.600000
EDGE;Reading;Wolverhampton;92.100000
EDGE;Ipswich;Reading;119.800000
EDGE;Derby;Reading;98.300000
EDGE;Reading;Telford;94.900000
EDGE;Ipswich;Norwich;106.900000
EDGE;Cambridge;Norwich;107.600000
EDGE;Norwich;Peterborough;115.100000
EDGE;Norwich;Southend;116.800000
EDGE;Luton;Norwich;119.700000
EDGE;Milton Keynes;Norwich;116.000000
EDGE;Leicester East;Norwich;115.600000
EDGE;Northampton;Norwich;119.200000
EDGE;Hull;Norwich;111.500000
EDGE;Cambridge;Peterborough;97.600000
EDGE;Cambridge;Luton;109.000000
EDGE;Cambridge;Milton Keynes;108.600000
EDGE;Cambridge;Northampton;108.900000
EDGE;Cambridge;Ipswich;110.600000
EDGE;Cambridge;Southend;107.700000
EDGE;Cambridge;Leicester East;102.000000
EDGE;Cambridge;Oxford;120.200000
EDGE;Cambridge;Derby;115.400000
EDGE;Cambridge;Wolverhampton;95.700000
EDGE;Cambridge;Gloucester;100.700000
EDGE;Cambridge;Hull;120.100000
EDGE;Milton Keynes;Oxford;82.700000
EDGE;Northampton;Oxford;87.100000
EDGE;Luton;Oxford;109.900000
EDGE;Gloucester;Oxford;92.700000
EDGE;Leicester East;Oxford;92.300000
EDGE;Oxford;Wolverhampton;99.500000
EDGE;Oxford;Peterborough;120.200000
EDGE;Derby;Oxford;98.800000
EDGE;Oxford;Telford;100.700000
EDGE;Oxford;Southend;112.700000
EDGE;Oxford;Stoke;96.600000
EDGE;Ipswich;Oxford;120.000000
EDGE;Hull;York;110.500000
EDGE;Middlesbrough;York;89.600000
EDGE;Sunderland;York;99.300000
EDGE;Preston;York;97.700000
EDGE;Warrington;York;92.800000
EDGE;Derby;York;101.000000
EDGE;Stoke;York;98.700000
EDGE;Blackpool;York;95.500000
EDGE;Leicester East;York;97.800000
EDGE;Peterborough;York;113.300000
EDGE;Wolverhampton;York;100.200000
EDGE;Telford;York;97.000000
EDGE;Hull;Middlesbrough;119.500000
EDGE;Derby;Hull;117.600000
EDGE;Hull;Leicester East;117.400000
EDGE;Hull;Peterborough;120.000000
EDGE;Hull;Sunderland;111.600000
EDGE;Hull;Stoke;97.500000
EDGE;Hull;Warrington;98.900000
EDGE;Hull;Preston;100.800000
EDGE;Hull;Northampton;113.400000
EDGE;Middlesbrough;Sunderland;78.500000
EDGE;Middlesbrough;Preston;97.100000
EDGE;Blackpool;Middlesbrough;91.200000
EDGE;Middlesbrough;Warrington;101.000000
EDGE;Preston;Sunderland;96.400000
EDGE;Blackpool;Sunderland;100.800000
EDGE;Stoke;Telford;78.800000
EDGE;Stoke;Wolverhampton;76.300000
EDGE;Derby;Stoke;78.900000
EDGE;Stoke;Warrington;84.100000
EDGE;Leicester East;Stoke;92.900000
EDGE;Preston;Stoke;92.900000
EDGE;Blackpool;Stoke;95.900000
EDGE;Northampton;Stoke;100.300000
EDGE;Gloucester;Stoke;93.000000
EDGE;Peterborough;Stoke;100.600000
EDGE;Milton Keynes;Stoke;93.200000
EDGE;Luton;Stoke;95.000000
EDGE;Blackpool;Preston;78.000000
EDGE;Preston;Warrington;83.000000
EDGE;Preston;Telford;99.400000
EDGE;Derby;Preston;100.900000
EDGE;Preston;Wolverhampton;100.600000
EDGE;Leicester East;Preston;97.400000
EDGE;Blackpool;Warrington;86.000000
EDGE;Blackpool;Telford;93.100000
EDGE;Blackpool;Derby;100.000000
EDGE;Blackpool;Wolverhampton;91.800000
EDGE;Telford;Wolverhampton;74.000000
EDGE;Derby;Wolverhampton;91.700000
EDGE;Leicester East;Wolverhampton;92.700000
EDGE;Gloucester;Wolverhampton;88.900000
EDGE;Northampton;Wolverhampton;89.800000
EDGE;Warrington;Wolverhampton;89.700000
EDGE;Milton Keynes;Wolverhampton;97.000000
EDGE;Peterborough;Wolverhampton;98.700000
EDGE;Luton;Wolverhampton;91.200000
EDGE;Swansea;Wolverhampton;97.100000
EDGE;Leicester East;Peterborough;106.800000
EDGE;Northampton;Peterborough;101.800000
EDGE;Milton Keynes;Peterborough;110.200000
EDGE;Luton;Peterborough;106.700000
EDGE;Derby;Peterborough;110.500000
EDGE;Ipswich;Peterborough;119.600000
EDGE;Peterborough;Southend;118.600000
EDGE;Peterborough;Telford;96.500000
EDGE;Gloucester;Peterborough;100.500000
EDGE;Luton;Milton Keynes;98.500000
EDGE;Luton;Northampton;110.500000
EDGE;Luton;Southend;110.100000
EDGE;Leicester East;Luton;107.700000
EDGE;Ipswich;Luton;119.100000
EDGE;Gloucester;Luton;100.100000
EDGE;Derby;Luton;120.200000
EDGE;Luton;Telford;94.000000
EDGE;Gloucester;Swansea;91.400000
EDGE;Swansea;Telford;99.100000
EDGE;Gloucester;Telford;90.900000
EDGE;Gloucester;Northampton;98.500000
EDGE;Gloucester;Milton Keynes;98.100000
EDGE;Gloucester;Leicester East;93.800000
EDGE;Derby;Gloucester;100.500000
EDGE;Gloucester;Warrington;94.900000
EDGE;Ipswich;Southend;106.900000
EDGE;Ipswich;Milton Keynes;117.600000
EDGE;Calais;Ipswich;116.900000
EDGE;Ipswich;Northampton;117.900000
EDGE;Ipswich;Leicester East;112.600000
EDGE;Bruges;Ipswich;111.400000
EDGE;Milton Keynes;Northampton;95.900000
EDGE;Leicester East;Milton Keynes;104.700000
EDGE;Derby;Milton Keynes;94.400000
EDGE;Milton Keynes;Southend;116.000000
EDGE;Milton Keynes;Telford;99.100000
EDGE;Calais;Southend;110.700000
EDGE;Northampton;Southend;119.200000
EDGE;Leicester East;Southend;115.500000
EDGE;Cork;Limerick;83.700000
EDGE;Cork;Waterford;95.800000
EDGE;Cork;Galway;92.000000
EDGE;Cork;Dublin;104.100000
EDGE;Galway;Limerick;92.500000
EDGE;Limerick;Waterford;93.400000
EDGE;Belfast;Limerick;103.200000
EDGE;Galway;Waterford;98.300000
EDGE;Swansea;Waterford;104.900000
EDGE;Rennes;Vannes;99.300000
EDGE;Angers;Rennes;107.400000
EDGE;Lorient;Rennes;101.100000
EDGE;Le Mans;Rennes;113.200000
EDGE;Caen;Rennes;104.200000
EDGE;Brest;Lorient;103.000000
EDGE;Brest;Vannes;101.100000
EDGE;Brest;Rennes;114.800000
EDGE;Caen;Le Havre;94.200000
EDGE;Le Havre;Rouen;108.800000
EDGE;Amiens;Le Havre;118.700000
EDGE;Le Havre;Le Mans;111.400000
EDGE;Le Havre;Paris;112.000000
EDGE;Amiens;Rouen;105.900000
EDGE;Caen;Rouen;118.400000
EDGE;Compiegne;Rouen;120.200000
EDGE;Le Mans;Rouen;120.200000
EDGE;Bruges;Lille;108.500000
EDGE;Calais;Lille;103.600000
EDGE;Amiens;Lille;102.800000
EDGE;Leuven;Lille;118.200000
EDGE;Lille;Namur;111.000000
EDGE;Compiegne;Lille;119.800000
EDGE;Charleville;Lille;112.300000
EDGE;Breda;Lille;115.100000
EDGE;Lille;Reims;114.300000
EDGE;Lille;Tilburg;112.500000
EDGE;Charleville;Reims;104.900000
EDGE;Compiegne;Reims;109.200000
EDGE;Reims;Troyes;114.100000
EDGE;Amiens;Reims;110.300000
EDGE;Namur;Reims;113.900000
EDGE;Metz;Reims;119.800000
EDGE;Auxerre;Reims;115.200000
EDGE;Nancy;Reims;116.800000
EDGE;Metz;Nancy;93.500000
EDGE;Metz;Saarbrucken;110.000000
EDGE;Metz;Trier;110.500000
EDGE;Charleville;Metz;117.700000
EDGE;Colmar;Metz;113.800000
EDGE;Karlsruhe;Metz;114.700000
EDGE;Mannheim;Metz;114.100000
EDGE;Nancy;Saarbrucken;110.400000
EDGE;Colmar;Nancy;120.100000
EDGE;Nancy;Trier;118.000000
EDGE;Mulhouse;Nancy;115.500000
EDGE;Freiburg;Nancy;120.200000
EDGE;Charleville;Nancy;119.600000
EDGE;Nancy;Troyes;112.900000
EDGE;Besancon;Nancy;113.400000
EDGE;Karlsruhe;Nancy;120.200000
EDGE;Dijon;Nancy;116.800000
EDGE;Grenoble;Valence;108.900000
EDGE;Grenoble;Saint-Etienne;115.100000
EDGE;Avignon;Grenoble;118.000000
EDGE;Grenoble;Lausanne;77.300000
EDGE;Montpellier;Nimes;90.200000
EDGE;Avignon;Montpellier;107.100000
EDGE;Montpellier;Perpignan;79.700000
EDGE;Montpellier;Valence;111.800000
EDGE;Montpellier;Toulon;118.600000
EDGE;Clermont-Ferrand;Montlucon;107.300000
EDGE;Clermont-Ferrand;Saint-Etienne;118.600000
EDGE;Brive;Clermont-Ferrand;114.900000
EDGE;Clermont-Ferrand;Limoges;119.500000
EDGE;Clermont-Ferrand;Valence;120.100000
EDGE;Brive;Limoges;109.500000
EDGE;Angouleme;Limoges;106.000000
EDGE;Limoges;Poitiers;110.400000
EDGE;Limoges;Montlucon;119.900000
EDGE;Limoges;Niort;119.400000
EDGE;Besancon;Dijon;71.300000
EDGE;Auxerre;Dijon;119.800000
EDGE;Dijon;Troyes;118.200000
EDGE;Dijon;Lausanne;78.500000
EDGE;Le Mans;Tours;105.600000
EDGE;Poitiers;Tours;110.000000
EDGE;Angers;Tours;101.500000
EDGE;Orleans;Tours;110.900000
EDGE;Niort;Tours;116.200000
EDGE;Auxerre;Orleans;120.100000
EDGE;Le Mans;Orleans;110.900000
EDGE;Orleans;Troyes;116.200000
EDGE;Montlucon;Orleans;117.200000
EDGE;Caen;Le Mans;119.900000
EDGE;Caen;Portsmouth;111.100000
EDGE;Angers;Le Mans;102.900000
EDGE;Angers;Poitiers;116.100000
EDGE;Angers;Niort;115.400000
EDGE;Angers;La Rochelle;120.000000
EDGE;Angers;Vannes;108.800000
EDGE;Le Mans;Poitiers;119.000000
EDGE;Nimes;Perpignan;119.500000
EDGE;Avignon;Perpignan;124.600000
EDGE;Avignon;Toulon;115.300000
EDGE;Nimes;Toulon;119.500000
EDGE;Avignon;Nimes;91.500000
EDGE;Avignon;Valence;113.100000
EDGE;Avignon;Saint-Etienne;117.000000
EDGE;Niort;Poitiers;109.900000
EDGE;Angouleme;Poitiers;117.300000
EDGE;La Rochelle;Poitiers;111.400000
EDGE;La Rochelle;Niort;110.200000
EDGE;Angouleme;La Rochelle;120.200000
EDGE;Bayonne;Pau;66.800000
EDGE;Pamplona;Pau;63.700000
EDGE;Pau;San Sebastian;72.800000
EDGE;Pau;Zaragoza;73.600000
EDGE;Bayonne;San Sebastian;59.000000
EDGE;Bayonne;Pamplona;65.200000
EDGE;Bayonne;Logrono;71.200000
EDGE;Amiens;Compiegne;109.900000
EDGE;Amiens;Calais;112.000000
EDGE;Amiens;Bruges;118.600000
EDGE;Amiens;Charleville;114.800000
EDGE;Bruges;Calais;105.500000
EDGE;Besancon;Lausanne;69.700000
EDGE;Besancon;Mulhouse;79.200000
EDGE;Besancon;Colmar;71.500000
EDGE;Besancon;Freiburg;71.100000
EDGE;Besancon;Lucerne;79.700000
EDGE;Colmar;Mulhouse;90.400000
EDGE;Freiburg;Mulhouse;88.800000
EDGE;Lucerne;Mulhouse;79.200000
EDGE;Mulhouse;Winterthur;75.000000
EDGE;Constance;Mulhouse;77.000000
EDGE;Lausanne;Mulhouse;77.100000
EDGE;Mulhouse;St Gallen;79.000000
EDGE;Karlsruhe;Mulhouse;111.000000
EDGE;Mulhouse;Reutlingen;115.000000
EDGE;Mulhouse;Pforzheim;116.000000
EDGE;Mulhouse;Saarbrucken;117.700000
EDGE;Brive;Montlucon;120.200000
EDGE;Montlucon;Saint-Etienne;112.400000
EDGE;Montlucon;Poitiers;120.000000
EDGE;Brive;Brive;98.200000
EDGE;Angouleme;Brive;119.900000
EDGE;Auxerre;Troyes;110.600000
EDGE;Compiegne;Troyes;110.700000
EDGE;Charleville;Troyes;120.100000
EDGE;Auxerre;Montlucon;118.200000
EDGE;Pamplona;San Sebastian;63.900000
EDGE;Logrono;San Sebastian;110.400000
EDGE;San Sebastian;Santander;110.300000
EDGE;Logrono;Pamplona;101.200000
EDGE;Salamanca;Valladolid;101.600000
EDGE;Burgos;Valladolid;106.900000
EDGE;Leon;Valladolid;109.100000
EDGE;Toledo;Valladolid;111.800000
EDGE;Caceres;Salamanca;107.000000
EDGE;Salamanca;Toledo;101.500000
EDGE;Caceres;Toledo;105.700000
EDGE;Albacete;Murcia;110.200000
EDGE;Almeria;Murcia;110.500000
EDGE;Cordoba;Jaen;93.900000
EDGE;Cordoba;Granada;101.300000
EDGE;Cadiz;Cordoba;114.500000
EDGE;Granada;Jaen;101.700000
EDGE;Almeria;Granada;108.600000
EDGE;Granada;Seville;114.300000
EDGE;Cadiz;Huelva;107.600000
EDGE;Cadiz;Faro;105.900000
EDGE;Faro;Huelva;100.400000
EDGE;Evora;Huelva;108.700000
EDGE;Badajoz;Huelva;105.400000
EDGE;Almeria;Jaen;107.600000
EDGE;Jaen;Seville;105.300000
EDGE;Gijon;Oviedo;88.600000
EDGE;Leon;Oviedo;94.000000
EDGE;Oviedo;Santander;101.000000
EDGE;Burgos;Oviedo;106.100000
EDGE;Burgos;Santander;102.000000
EDGE;Gijon;Santander;108.600000
EDGE;Logrono;Santander;105.300000
EDGE;Leon;Santander;102.500000
EDGE;Gijon;Leon;109.900000
EDGE;Burgos;Gijon;109.500000
EDGE;A Coruna;Vigo;105.700000
EDGE;A Coruna;Braga;109.100000
EDGE;A Coruna;Oviedo;109.000000
EDGE;Braga;Vigo;101.700000
EDGE;Aveiro;Vigo;110.500000
EDGE;Palma;Tarragona;112.100000
EDGE;Castellon;Palma;114.100000
EDGE;Burgos;Logrono;102.300000
EDGE;Albacete;Castellon;110.200000
EDGE;Burgos;Leon;109.700000
EDGE;Burgos;Pamplona;110.200000
EDGE;Leon;Salamanca;106.200000
EDGE;Aveiro;Braga;110.600000
EDGE;Braga;Coimbra;101.200000
EDGE;Aveiro;Coimbra;92.800000
EDGE;Evora;Setubal;101.400000
EDGE;Badajoz;Setubal;110.400000
EDGE;Faro;Setubal;102.100000
EDGE;Evora;Faro;108.200000
EDGE;Badajoz;Evora;93.700000
EDGE;Caceres;Evora;100.700000
EDGE;Bochum;Dortmund;95.900000
EDGE;Dortmund;Essen;98.600000
EDGE;Dortmund;Wuppertal;98.600000
EDGE;Dortmund;Duisburg;94.400000
EDGE;Dortmund;Munster;110.500000
EDGE;Dortmund;Dusseldorf;105.900000
EDGE;Dortmund;Siegen;109.500000
EDGE;Dortmund;Enschede;105.600000
EDGE;Bonn;Dortmund;102.900000
EDGE;Dortmund;Paderborn;104.400000
EDGE;Bielefeld;Dortmund;109.300000
EDGE;Dortmund;Nijmegen;120.000000
EDGE;Arnhem;Dortmund;117.600000
EDGE;Dortmund;Eindhoven;118.300000
EDGE;Dortmund;Kassel;110.600000
EDGE;Dortmund;Maastricht;119.000000
EDGE;Dortmund;Zwolle;113.100000
EDGE;Dortmund;Tilburg;120.200000
EDGE;Dortmund;Gottingen;116.200000
EDGE;Bochum;Essen;95.500000
EDGE;Duisburg;Essen;98.500000
EDGE;Essen;Wuppertal;91.400000
EDGE;Dusseldorf;Essen;91.200000
EDGE;Essen;Munster;105.300000
EDGE;Bonn;Essen;110.400000
EDGE;Enschede;Essen;103.100000
EDGE;Essen;Nijmegen;102.000000
EDGE;Arnhem;Essen;107.200000
EDGE;Essen;Siegen;107.800000
EDGE;Eindhoven;Essen;116.200000
EDGE;Essen;Maastricht;111.600000
EDGE;Bielefeld;Essen;115.200000
EDGE;Essen;Paderborn;117.600000
EDGE;Essen;Zwolle;118.200000
EDGE;Essen;Tilburg;113.800000
EDGE;Breda;Essen;120.000000
EDGE;Essen;Leuven;117.400000
EDGE;Essen;Kassel;119.700000
EDGE;Duisburg;Dusseldorf;95.200000
EDGE;Bochum;Duisburg;98.500000
EDGE;Duisburg;Wuppertal;98.600000
EDGE;Duisburg;Nijmegen;110.600000
EDGE;Bonn;Duisburg;108.000000
EDGE;Duisburg;Munster;110.200000
EDGE;Arnhem;Duisburg;102.900000
EDGE;Duisburg;Enschede;106.900000
EDGE;Duisburg;Eindhoven;109.500000
EDGE;Duisburg;Maastricht;110.100000
EDGE;Duisburg;Siegen;118.300000
EDGE;Duisburg;Tilburg;120.000000
EDGE;Duisburg;Zwolle;114.600000
EDGE;Breda;Duisburg;114.300000
EDGE;Bielefeld;Duisburg;120.200000
EDGE;Duisburg;Paderborn;115.400000
EDGE;Duisburg;Leuven;118.300000
EDGE;Duisburg;Namur;120.100000
EDGE;Dusseldorf;Wuppertal;91.800000
EDGE;Bochum;Dusseldorf;98.400000
EDGE;Bonn;Dusseldorf;107.600000
EDGE;Dusseldorf;Maastricht;107.500000
EDGE;Dusseldorf;Eindhoven;108.400000
EDGE;Dusseldorf;Nijmegen;105.100000
EDGE;Dusseldorf;Siegen;102.500000
EDGE;Dusseldorf;Munster;111.500000
EDGE;Arnhem;Dusseldorf;113.000000
EDGE;Dusseldorf;Enschede;119.900000
EDGE;Dusseldorf;Tilburg;112.600000
EDGE;Breda;Dusseldorf;113.800000
EDGE;Dusseldorf;Paderborn;120.100000
EDGE;Bielefeld;Dusseldorf;120.200000
EDGE;Dusseldorf;Zwolle;120.200000
EDGE;Dusseldorf;Leuven;112.100000
EDGE;Dusseldorf;Namur;115.400000
EDGE;Dusseldorf;Trier;119.000000
EDGE;Dusseldorf;Mainz;112.700000
EDGE;Bonn;Wuppertal;110.500000
EDGE;Bonn;Siegen;108.400000
EDGE;Bochum;Bonn;110.000000
EDGE;Bonn;Maastricht;110.200000
EDGE;Bonn;Trier;118.500000
EDGE;Bonn;Mainz;117.600000
EDGE;Bonn;Eindhoven;119.300000
EDGE;Bonn;Munster;119.600000
EDGE;Bonn;Nijmegen;120.200000
EDGE;Bonn;Namur;120.200000
EDGE;Bonn;Paderborn;115.900000
EDGE;Arnhem;Bonn;114.400000
EDGE;Bonn;Saarbrucken;115.200000
EDGE;Bonn;Enschede;117.000000
EDGE;Bonn;Tilburg;119.900000
EDGE;Bonn;Leuven;118.000000
EDGE;Bonn;Mannheim;118.500000
EDGE;Bielefeld;Bonn;120.100000
EDGE;Bochum;Wuppertal;95.900000
EDGE;Siegen;Wuppertal;110.600000
EDGE;Munster;Wuppertal;110.100000
EDGE;Enschede;Wuppertal;113.200000
EDGE;Nijmegen;Wuppertal;113.800000
EDGE;Maastricht;Wuppertal;110.700000
EDGE;Arnhem;Wuppertal;116.400000
EDGE;Paderborn;Wuppertal;110.500000
EDGE;Eindhoven;Wuppertal;115.700000
EDGE;Bielefeld;Wuppertal;115.700000
EDGE;Tilburg;Wuppertal;112.500000
EDGE;Wuppertal;Zwolle;110.600000
EDGE;Mainz;Wuppertal;112.500000
EDGE;Kassel;Wuppertal;120.200000
EDGE;Breda;Wuppertal;119.900000
EDGE;Trier;Wuppertal;119.000000
EDGE;Bielefeld;Paderborn;98.500000
EDGE;Bielefeld;Munster;104.300000
EDGE;Bielefeld;Kassel;118.600000
EDGE;Bielefeld;Bochum;111.300000
EDGE;Bielefeld;Gottingen;120.100000
EDGE;Bielefeld;Enschede;120.200000
EDGE;Bielefeld;Siegen;110.800000
EDGE;Bielefeld;Braunschweig;110.400000
EDGE;Bielefeld;Zwolle;119.900000
EDGE;Enschede;Munster;101.700000
EDGE;Bochum;Munster;106.400000
EDGE;Munster;Paderborn;101.900000
EDGE;Arnhem;Munster;117.800000
EDGE;Munster;Zwolle;110.600000
EDGE;Munster;Nijmegen;119.200000
EDGE;Munster;Siegen;120.000000
EDGE;Kassel;Munster;120.000000
EDGE;Groningen;Munster;114.200000
EDGE;Eindhoven;Munster;117.200000
EDGE;Gottingen;Munster;119.800000
EDGE;Bochum;Enschede;110.300000
EDGE;Bochum;Siegen;103.500000
EDGE;Bochum;Nijmegen;118.400000
EDGE;Arnhem;Bochum;120.000000
EDGE;Bochum;Paderborn;119.500000
EDGE;Bochum;Eindhoven;120.000000
EDGE;Bochum;Maastricht;119.700000
EDGE;Bochum;Zwolle;119.100000
EDGE;Bochum;Tilburg;116.900000
EDGE;Bochum;Kassel;117.100000
EDGE;Bochum;Breda;112.400000
EDGE;Karlsruhe;Mannheim;110.300000
EDGE;Mainz;Mannheim;106.800000
EDGE;Heilbronn;Mannheim;110.500000
EDGE;Mannheim;Pforzheim;106.300000
EDGE;Mannheim;Saarbrucken;118.900000
EDGE;Mannheim;Wurzburg;110.600000
EDGE;Mannheim;Reutlingen;116.800000
EDGE;Mannheim;Trier;120.200000
EDGE;Mannheim;Siegen;113.700000
EDGE;Mannheim;Ulm;114.400000
EDGE;Freiburg;Mannheim;120.100000
EDGE;Karlsruhe;Pforzheim;98.600000
EDGE;Heilbronn;Karlsruhe;108.800000
EDGE;Karlsruhe;Reutlingen;110.600000
EDGE;Karlsruhe;Saarbrucken;112.100000
EDGE;Karlsruhe;Mainz;119.400000
EDGE;Freiburg;Karlsruhe;118.100000
EDGE;Colmar;Karlsruhe;116.800000
EDGE;Karlsruhe;Ulm;119.800000
EDGE;Karlsruhe;Wurzburg;118.100000
EDGE;Karlsruhe;Trier;116.300000
EDGE;Constance;Karlsruhe;111.200000
EDGE;Karlsruhe;Winterthur;120.200000
EDGE;Colmar;Freiburg;98.600000
EDGE;Freiburg;Winterthur;73.600000
EDGE;Constance;Freiburg;118.700000
EDGE;Freiburg;Lucerne;72.000000
EDGE;Freiburg;Reutlingen;120.100000
EDGE;Freiburg;Pforzheim;120.200000
EDGE;Freiburg;St Gallen;78.600000
EDGE;Freiburg;Saarbrucken;111.100000
EDGE;Freiburg;Heilbronn;110.900000
EDGE;Freiburg;Ulm;120.100000
EDGE;Augsburg;Ingolstadt;106.100000
EDGE;Augsburg;Ulm;106.000000
EDGE;Augsburg;Regensburg;118.900000
EDGE;Augsburg;Reutlingen;113.000000
EDGE;Augsburg;Innsbruck;116.500000
EDGE;Augsburg;Heilbronn;119.100000
EDGE;Augsburg;Constance;118.000000
EDGE;Augsburg;St Gallen;118.200000
EDGE;Augsburg;Salzburg;114.100000
EDGE;Augsburg;Pforzheim;114.100000
EDGE;Augsburg;Wurzburg;118.500000
EDGE;Heilbronn;Wurzburg;109.200000
EDGE;Mainz;Wurzburg;119.000000
EDGE;Pforzheim;Wurzburg;115.700000
EDGE;Erfurt;Wurzburg;120.200000
EDGE;Reutlingen;Wurzburg;120.200000
EDGE;Ulm;Wurzburg;118.100000
EDGE;Ingolstadt;Wurzburg;110.900000
EDGE;Kassel;Wurzburg;116.700000
EDGE;Gottingen;Kassel;93.000000
EDGE;Kassel;Paderborn;105.100000
EDGE;Erfurt;Kassel;117.600000
EDGE;Kassel;Siegen;118.800000
EDGE;Braunschweig;Kassel;116.100000
EDGE;Kassel;Mainz;118.400000
EDGE;Kassel;Magdeburg;115.700000
EDGE;Halle;Kassel;112.100000
EDGE;Halle;Magdeburg;107.300000
EDGE;Braunschweig;Magdeburg;101.500000
EDGE;Magdeburg;Potsdam;104.900000
EDGE;Erfurt;Magdeburg;113.000000
EDGE;Gottingen;Magdeburg;111.100000
EDGE;Erfurt;Halle;110.500000
EDGE;Erfurt;Gottingen;102.000000
EDGE;Braunschweig;Erfurt;120.100000
EDGE;Halle;Potsdam;102.500000
EDGE;Braunschweig;Halle;120.200000
EDGE;Gottingen;Halle;120.000000
EDGE;Lubeck;Rostock;107.300000
EDGE;Kiel;Rostock;120.100000
EDGE;Rostock;Szczecin;110.500000
EDGE;Kiel;Lubeck;109.300000
EDGE;Flensburg;Lubeck;117.300000
EDGE;Flensburg;Kiel;108.500000
EDGE;Esbjerg;Kiel;116.900000
EDGE;Mainz;Siegen;117.000000
EDGE;Heilbronn;Mainz;119.800000
EDGE;Mainz;Trier;115.100000
EDGE;Mainz;Saarbrucken;118.500000
EDGE;Mainz;Pforzheim;115.000000
EDGE;Saarbrucken;Trier;109.200000
EDGE;Pforzheim;Saarbrucken;120.100000
EDGE;Colmar;Saarbrucken;113.100000
EDGE;Heilbronn;Saarbrucken;110.700000
EDGE;Charleville;Saarbrucken;112.000000
EDGE;Reutlingen;Ulm;109.600000
EDGE;Heilbronn;Ulm;110.500000
EDGE;Constance;Ulm;115.800000
EDGE;Pforzheim;Ulm;112.000000
EDGE;Ingolstadt;Ulm;114.700000
EDGE;St Gallen;Ulm;120.100000
EDGE;Ulm;Winterthur;120.200000
EDGE;Innsbruck;Ulm;113.900000
EDGE;Regensburg;Ulm;112.400000
EDGE;Ingolstadt;Regensburg;100.800000
EDGE;Passau;Regensburg;106.800000
EDGE;Pilsen;Regensburg;110.300000
EDGE;Regensburg;Salzburg;101.100000
EDGE;Ceske Budejovice;Regensburg;110.500000
EDGE;Ingolstadt;Passau;110.400000
EDGE;Ingolstadt;Salzburg;106.600000
EDGE;Ingolstadt;Innsbruck;120.100000
EDGE;Ingolstadt;Reutlingen;117.100000
EDGE;Heilbronn;Ingolstadt;115.400000
EDGE;Linz;Passau;99.300000
EDGE;Ceske Budejovice;Passau;92.200000
EDGE;Passau;Salzburg;91.900000
EDGE;Passau;Pilsen;110.300000
EDGE;Esbjerg;Flensburg;101.400000
EDGE;Constance;St Gallen;58.200000
EDGE;Constance;Winterthur;63.300000
EDGE;Constance;Reutlingen;108.300000
EDGE;Chur;Constance;71.200000
EDGE;Constance;Lucerne;69.300000
EDGE;Constance;Pforzheim;117.100000
EDGE;Colmar;Constance;114.700000
EDGE;Constance;Heilbronn;117.900000
EDGE;Constance;Innsbruck;79.500000
EDGE;Eindhoven;Tilburg;94.800000
EDGE;Breda;Eindhoven;107.300000
EDGE;Eindhoven;Nijmegen;104.800000
EDGE;Eindhoven;Maastricht;102.100000
EDGE;Arnhem;Eindhoven;101.500000
EDGE;Eindhoven;Leuven;109.500000
EDGE;Eindhoven;Leiden;117.600000
EDGE;Eindhoven;Namur;113.700000
EDGE;Eindhoven;Haarlem;120.200000
EDGE;Eindhoven;Zwolle;116.100000
EDGE;Eindhoven;Enschede;114.100000
EDGE;Bruges;Eindhoven;116.500000
EDGE;Breda;Tilburg;98.500000
EDGE;Nijmegen;Tilburg;105.000000
EDGE;Arnhem;Tilburg;107.400000
EDGE;Leiden;Tilburg;109.300000
EDGE;Leuven;Tilburg;101.000000
EDGE;Maastricht;Tilburg;101.900000
EDGE;Haarlem;Tilburg;103.900000
EDGE;Namur;Tilburg;112.900000
EDGE;Tilburg;Zwolle;118.600000
EDGE;Bruges;Tilburg;110.400000
EDGE;Enschede;Tilburg;112.400000
EDGE;Groningen;Zwolle;109.100000
EDGE;Enschede;Groningen;118.600000
EDGE;Arnhem;Groningen;110.600000
EDGE;Groningen;Nijmegen;110.800000
EDGE;Groningen;Haarlem;119.300000
EDGE;Haarlem;Leiden;90.300000
EDGE;Breda;Leiden;110.600000
EDGE;Arnhem;Leiden;108.500000
EDGE;Leiden;Nijmegen;108.000000
EDGE;Leiden;Zwolle;112.600000
EDGE;Bruges;Leiden;111.700000
EDGE;Leiden;Leuven;120.200000
EDGE;Enschede;Leiden;110.700000
EDGE;Leiden;Maastricht;115.400000
EDGE;Breda;Haarlem;108.300000
EDGE;Arnhem;Haarlem;110.600000
EDGE;Haarlem;Zwolle;120.200000
EDGE;Haarlem;Nijmegen;115.600000
EDGE;Enschede;Haarlem;116.200000
EDGE;Bruges;Haarlem;117.600000
EDGE;Haarlem;Leuven;111.200000
EDGE;Breda;Leuven;110.300000
EDGE;Breda;Nijmegen;109.800000
EDGE;Arnhem;Breda;110.500000
EDGE;Breda;Maastricht;117.900000
EDGE;Breda;Bruges;112.900000
EDGE;Breda;Namur;119.100000
EDGE;Breda;Zwolle;111.200000
EDGE;Breda;Enschede;113.400000
EDGE;Arnhem;Nijmegen;93.500000
EDGE;Nijmegen;Zwolle;108.100000
EDGE;Enschede;Nijmegen;105.000000
EDGE;Maastricht;Nijmegen;111.200000
EDGE;Leuven;Nijmegen;112.900000
EDGE;Namur;Nijmegen;110.600000
EDGE;Leuven;Maastricht;105.900000
EDGE;Maastricht;Namur;102.400000
EDGE;Arnhem;Maastricht;112.500000
EDGE;Charleville;Maastricht;115.700000
EDGE;Maastricht;Trier;116.600000
EDGE;Maastricht;Siegen;115.600000
EDGE;Enschede;Maastricht;116.900000
EDGE;Arnhem;Zwolle;105.900000
EDGE;Arnhem;Enschede;103.800000
EDGE;Arnhem;Leuven;119.500000
EDGE;Enschede;Zwolle;110.600000
EDGE;Enschede;Paderborn;120.100000
EDGE;Enschede;Siegen;112.300000
EDGE;Bruges;Leuven;114.200000
EDGE;Bruges;Namur;113.500000
EDGE;Leuven;Namur;92.100000
EDGE;Charleville;Namur;107.700000
EDGE;Namur;Trier;115.500000
EDGE;Charleville;Leuven;120.200000
EDGE;Lausanne;Lucerne;78.300000
EDGE;St Gallen;Winterthur;65.100000
EDGE;Chur;St Gallen;71.900000
EDGE;Lucerne;St Gallen;65.400000
EDGE;Reutlingen;St Gallen;120.200000
EDGE;Innsbruck;St Gallen;76.500000
EDGE;Lugano;St Gallen;77.400000
EDGE;Colmar;St Gallen;77.400000
EDGE;Pforzheim;St Gallen;115.300000
EDGE;Lucerne;Winterthur;67.800000
EDGE;Chur;Lucerne;73.400000
EDGE;Lucerne;Lugano;77.400000
EDGE;Colmar;Lucerne;70.000000
EDGE;Como;Lucerne;79.800000
EDGE;Lucerne;Reutlingen;74.400000
EDGE;Chur;Winterthur;67.200000
EDGE;Reutlingen;Winterthur;117.900000
EDGE;Colmar;Winterthur;79.800000
EDGE;Pforzheim;Winterthur;111.000000
EDGE;Lugano;Winterthur;79.800000
EDGE;Como;Lugano;57.300000
EDGE;Bergamo;Lugano;73.600000
EDGE;Lugano;Novara;68.200000
EDGE;Chur;Lugano;70.600000
EDGE;Brescia;Lugano;79.700000
EDGE;Alessandria;Lugano;79.200000
EDGE;Lugano;Trento;73.200000
EDGE;Lugano;Verona;77.000000
EDGE;Lugano;Parma;77.800000
EDGE;Chur;Como;71.800000
EDGE;Bergamo;Chur;73.200000
EDGE;Chur;Innsbruck;75.900000
EDGE;Chur;Trento;78.200000
EDGE;Brescia;Chur;74.200000
EDGE;Chur;Novara;79.600000
EDGE;Graz;Maribor;101.500000
EDGE;Graz;Klagenfurt;58.800000
EDGE;Graz;Linz;66.200000
EDGE;Linz;Salzburg;101.900000
EDGE;Innsbruck;Salzburg;65.700000
EDGE;Klagenfurt;Salzburg;72.200000
EDGE;Ceske Budejovice;Salzburg;107.500000
EDGE;Ceske Budejovice;Linz;101.200000
EDGE;Linz;Pilsen;110.500000
EDGE;Innsbruck;Trento;79.300000
EDGE;Klagenfurt;Udine;67.700000
EDGE;Klagenfurt;Maribor;69.200000
EDGE;Klagenfurt;Trieste;72.800000
EDGE;Klagenfurt;Rijeka;55.700000
EDGE;Brescia;Verona;66.300000
EDGE;Padua;Verona;69.300000
EDGE;Trento;Verona;72.200000
EDGE;Ferrara;Verona;73.500000
EDGE;Reggio Emilia;Verona;73.100000
EDGE;Parma;Verona;66.100000
EDGE;Modena;Verona;72.100000
EDGE;Bergamo;Verona;73.500000
EDGE;Ravenna;Verona;70.700000
EDGE;Como;Verona;78.000000
EDGE;Ferrara;Padua;68.000000
EDGE;Padua;Trento;73.500000
EDGE;Padua;Ravenna;66.800000
EDGE;Modena;Padua;79.200000
EDGE;Padua;Reggio Emilia;77.500000
EDGE;Padua;Udine;73.500000
EDGE;Brescia;Padua;79.300000
EDGE;Padua;Parma;77.300000
EDGE;Padua;Trieste;71.900000
EDGE;Padua;Rimini;71.000000
EDGE;Padua;Pula;73.500000
EDGE;Rijeka;Trieste;55.000000
EDGE;Trieste;Udine;63.800000
EDGE;Pula;Trieste;64.800000
EDGE;Bergamo;Brescia;59.200000
EDGE;Brescia;Parma;73.500000
EDGE;Brescia;Trento;71.100000
EDGE;Brescia;Como;72.600000
EDGE;Brescia;Reggio Emilia;73.500000
EDGE;Brescia;Modena;71.700000
EDGE;Brescia;Novara;70.300000
EDGE;Brescia;Ferrara;74.200000
EDGE;Alessandria;Brescia;77.200000
EDGE;Bergamo;Como;65.200000
EDGE;Bergamo;Novara;64.200000
EDGE;Bergamo;Parma;79.600000
EDGE;Bergamo;Trento;76.700000
EDGE;Alessandria;Bergamo;78.800000
EDGE;Bergamo;Reggio Emilia;79.500000
EDGE;Bergamo;Modena;72.700000
EDGE;Parma;Reggio Emilia;65.700000
EDGE;Modena;Parma;62.300000
EDGE;Ferrara;Parma;70.200000
EDGE;Parma;Pisa;91.200000
EDGE;Alessandria;Parma;77.400000
EDGE;Livorno;Parma;84.400000
EDGE;Como;Parma;74.600000
EDGE;Novara;Parma;77.400000
EDGE;Parma;Ravenna;79.100000
EDGE;Parma;Trento;77.500000
EDGE;Modena;Reggio Emilia;62.100000
EDGE;Ferrara;Modena;73.600000
EDGE;Modena;Ravenna;79.300000
EDGE;Modena;Pisa;89.900000
EDGE;Livorno;Modena;91.100000
EDGE;Modena;Rimini;88.300000
EDGE;Modena;Siena;89.300000
EDGE;Modena;Trento;71.100000
EDGE;Ferrara;Reggio Emilia;64.200000
EDGE;Pisa;Reggio Emilia;88.900000
EDGE;Ravenna;Reggio Emilia;79.700000
EDGE;Livorno;Reggio Emilia;84.100000
EDGE;Reggio Emilia;Trento;77.000000
EDGE;Alessandria;Reggio Emilia;77.200000
EDGE;Reggio Emilia;Siena;81.400000
EDGE;Reggio Emilia;Rimini;91.300000
EDGE;Como;Reggio Emilia;74.800000
EDGE;Ferrara;Ravenna;68.300000
EDGE;Ferrara;Rimini;84.200000
EDGE;Ferrara;Trento;75.600000
EDGE;Ferrara;Pisa;84.300000
EDGE;Ferrara;Siena;83.200000
EDGE;Livorno;Pisa;71.100000
EDGE;Pisa;Siena;80.000000
EDGE;Pisa;Ravenna;84.400000
EDGE;Perugia;Pisa;85.600000
EDGE;Livorno;Siena;79.100000
EDGE;Perugia;Siena;77.300000
EDGE;Rimini;Siena;90.700000
EDGE;Ravenna;Siena;90.500000
EDGE;Ancona;Pescara;75.200000
EDGE;Foggia;Pescara;57.800000
EDGE;Perugia;Pescara;83.900000
EDGE;Ancona;Rimini;72.900000
EDGE;Ancona;Perugia;83.800000
EDGE;Ancona;Ravenna;79.800000
EDGE;Ancona;Pula;83.100000
EDGE;Ancona;Zadar;60.300000
EDGE;Perugia;Rimini;84.000000
EDGE;Perugia;Ravenna;80.100000
EDGE;Lecce;Taranto;75.900000
EDGE;Potenza;Taranto;83.500000
EDGE;Cosenza;Taranto;78.900000
EDGE;Foggia;Taranto;62.200000
EDGE;Foggia;Potenza;59.100000
EDGE;Messina;Reggio Calabria;55.000000
EDGE;Cosenza;Reggio Calabria;57.600000
EDGE;Cagliari;Sassari;104.900000
EDGE;Cosenza;Messina;59.400000
EDGE;Como;Trento;78.600000
EDGE;Trento;Udine;72.000000
EDGE;Rijeka;Udine;70.500000
EDGE;Pula;Udine;73.600000
EDGE;Brno;Olomouc;101.600000
EDGE;Brno;Trnava;78.100000
EDGE;Brno;Hradec Kralove;110.200000
EDGE;Brno;Ostrava;78.500000
EDGE;Brno;Nitra;83.900000
EDGE;Brno;Zilina;83.700000
EDGE;Brno;Ceske Budejovice;103.100000
EDGE;Bielsko-Biala;Ostrava;76.700000
EDGE;Katowice;Ostrava;73.100000
EDGE;Ostrava;Zilina;74.600000
EDGE;Olomouc;Ostrava;70.800000
EDGE;Opole;Ostrava;69.600000
EDGE;Czestochowa;Ostrava;83.300000
EDGE;Banska Bystrica;Ostrava;79.700000
EDGE;Ostrava;Trnava;80.800000
EDGE;Nitra;Ostrava;78.700000
EDGE;Ceske Budejovice;Pilsen;106.000000
EDGE;Liberec;Pilsen;110.300000
EDGE;Olomouc;Zilina;83.200000
EDGE;Hradec Kralove;Olomouc;106.800000
EDGE;Olomouc;Opole;81.700000
EDGE;Bielsko-Biala;Olomouc;76.000000
EDGE;Olomouc;Trnava;79.200000
EDGE;Katowice;Olomouc;83.600000
EDGE;Olomouc;Walbrzych;108.300000
EDGE;Nitra;Olomouc;84.000000
EDGE;Banska Bystrica;Olomouc;80.900000
EDGE;Hradec Kralove;Liberec;92.300000
EDGE;Liberec;Walbrzych;92.700000
EDGE;Kosice;Presov;65.100000
EDGE;Kosice;Uzhhorod;76.700000
EDGE;Kosice;Miskolc;71.100000
EDGE;Kosice;Nyiregyhaza;75.700000
EDGE;Debrecen;Kosice;77.800000
EDGE;Banska Bystrica;Kosice;77.700000
EDGE;Kosice;Rzeszow;82.500000
EDGE;Banska Bystrica;Zilina;69.800000
EDGE;Banska Bystrica;Nitra;74.700000
EDGE;Banska Bystrica;Bielsko-Biala;74.700000
EDGE;Banska Bystrica;Trnava;84.100000
EDGE;Banska Bystrica;Miskolc;83.400000
EDGE;Banska Bystrica;Presov;82.100000
EDGE;Banska Bystrica;Gyor;83.600000
EDGE;Banska Bystrica;Katowice;83.900000
EDGE;Bielsko-Biala;Zilina;70.900000
EDGE;Nitra;Zilina;83.700000
EDGE;Katowice;Zilina;84.000000
EDGE;Trnava;Zilina;84.200000
EDGE;Opole;Zilina;82.700000
EDGE;Presov;Uzhhorod;67.700000
EDGE;Miskolc;Presov;83.500000
EDGE;Nyiregyhaza;Presov;83.800000
EDGE;Presov;Rzeszow;82.700000
EDGE;Debrecen;Presov;76.000000
EDGE;Bydgoszcz;Torun;90.100000
EDGE;Bydgoszcz;Plock;107.900000
EDGE;Bydgoszcz;Olsztyn;105.100000
EDGE;Lublin;Radom;108.800000
EDGE;Brest-Belarus;Lublin;77.800000
EDGE;Lublin;Rzeszow;110.300000
EDGE;Kielce;Lublin;110.200000
EDGE;Lublin;Lviv;86.400000
EDGE;Bialystok;Grodno;77.000000
EDGE;Bialystok;Brest-Belarus;84.900000
EDGE;Bialystok;Warsaw;109.800000
EDGE;Bielsko-Biala;Katowice;68.900000
EDGE;Czestochowa;Katowice;95.600000
EDGE;Katowice;Opole;73.200000
EDGE;Katowice;Kielce;106.700000
EDGE;Gorzow;Szczecin;94.800000
EDGE;Potsdam;Szczecin;110.600000
EDGE;Poznan;Szczecin;103.100000
EDGE;Kielce;Rzeszow;80.000000
EDGE;Rzeszow;Uzhhorod;78.500000
EDGE;Radom;Rzeszow;109.000000
EDGE;Czestochowa;Opole;92.300000
EDGE;Czestochowa;Kielce;101.600000
EDGE;Bielsko-Biala;Czestochowa;78.700000
EDGE;Czestochowa;Radom;109.900000
EDGE;Plock;Torun;101.200000
EDGE;Olsztyn;Torun;110.400000
EDGE;Kielce;Radom;94.200000
EDGE;Plock;Radom;104.900000
EDGE;Bielsko-Biala;Kielce;81.100000
EDGE;Kaliningrad;Olsztyn;107.700000
EDGE;Olsztyn;Plock;106.700000
EDGE;Bielsko-Biala;Opole;81.500000
EDGE;Debrecen;Nyiregyhaza;69.200000
EDGE;Debrecen;Miskolc;71.800000
EDGE;Debrecen;Uzhhorod;77.600000
EDGE;Arad;Debrecen;84.100000
EDGE;Debrecen;Kecskemet;78.600000
EDGE;Cluj-Napoca;Debrecen;78.500000
EDGE;Miskolc;Nyiregyhaza;71.500000
EDGE;Miskolc;Uzhhorod;80.400000
EDGE;Kecskemet;Miskolc;84.200000
EDGE;Osijek;Pecs;55.000000
EDGE;Pecs;Subotica;82.800000
EDGE;Kecskemet;Pecs;77.200000
EDGE;Pecs;Szeged;79.600000
EDGE;Novi Sad;Pecs;63.000000
EDGE;Banja Luka;Pecs;60.100000
EDGE;Gyor;Trnava;75.100000
EDGE;Gyor;Nitra;68.400000
EDGE;Subotica;Szeged;69.200000
EDGE;Kecskemet;Szeged;73.200000
EDGE;Arad;Szeged;77.500000
EDGE;Szeged;Timisoara;78.900000
EDGE;Novi Sad;Szeged;63.100000
EDGE;Osijek;Szeged;63.800000
EDGE;Pancevo;Szeged;58.200000
EDGE;Cluj-Napoca;Targu Mures;55.000000
EDGE;Alba Iulia;Cluj-Napoca;55.000000
EDGE;Cluj-Napoca;Sibiu;65.700000
EDGE;Arad;Cluj-Napoca;80.400000
EDGE;Arad;Timisoara;55.000000
EDGE;Pancevo;Timisoara;55.000000
EDGE;Novi Sad;Timisoara;62.500000
EDGE;Subotica;Timisoara;63.600000
EDGE;Kecskemet;Timisoara;80.900000
EDGE;Iasi;Tiraspol;78.000000
EDGE;Chernivtsi;Iasi;77.000000
EDGE;Constanta;Varna;81.000000
EDGE;Constanta;Galati;83.500000
EDGE;Bucharest;Constanta;84.900000
EDGE;Craiova;Sibiu;78.200000
EDGE;Craiova;Ruse;85.800000
EDGE;Brasov;Ploiesti;78.000000
EDGE;Brasov;Sibiu;59.800000
EDGE;Brasov;Targu Mures;66.100000
EDGE;Alba Iulia;Brasov;61.900000
EDGE;Brasov;Galati;83.600000
EDGE;Galati;Ploiesti;82.300000
EDGE;Ploiesti;Ruse;83.200000
EDGE;Ploiesti;Sibiu;79.500000
EDGE;Craiova;Ploiesti;86.600000
EDGE;Plovdiv;Stara Zagora;77.000000
EDGE;Drama;Plovdiv;82.100000
EDGE;Kavala;Plovdiv;83.500000
EDGE;Edirne;Plovdiv;82.700000
EDGE;Alexandroupoli;Plovdiv;75.500000
EDGE;Burgas;Varna;75.400000
EDGE;Ruse;Varna;83.700000
EDGE;Kirklareli;Varna;91.400000
EDGE;Bucharest;Varna;75.300000
EDGE;Burgas;Kirklareli;80.200000
EDGE;Burgas;Edirne;90.900000
EDGE;Burgas;Stara Zagora;86.400000
EDGE;Burgas;Tekirdag;91.300000
EDGE;Burgas;Ruse;83.700000
EDGE;Ruse;Stara Zagora;83.000000
EDGE;Edirne;Stara Zagora;91.200000
EDGE;Kirklareli;Stara Zagora;90.800000
EDGE;Alexandroupoli;Stara Zagora;74.200000
EDGE;Patras;Volos;83.700000
EDGE;Chalkis;Patras;83.300000
EDGE;Larissa;Patras;77.400000
EDGE;Patras;Piraeus;78.700000
EDGE;Ioannina;Patras;80.700000
EDGE;Larissa;Volos;69.700000
EDGE;Ioannina;Larissa;81.200000
EDGE;Chalkis;Larissa;83.500000
EDGE;Bitola;Larissa;74.500000
EDGE;Heraklion;Rhodes;91.600000
EDGE;Heraklion;Piraeus;86.100000
EDGE;Athens;Heraklion;83.600000
EDGE;Chalkis;Volos;83.200000
EDGE;Piraeus;Volos;83.700000
EDGE;Bitola;Ioannina;82.300000
EDGE;Drama;Kavala;68.700000
EDGE;Alexandroupoli;Kavala;75.300000
EDGE;Kavala;Stara Zagora;82.700000
EDGE;Novi Sad;Pancevo;55.300000
EDGE;Novi Sad;Subotica;55.000000
EDGE;Novi Sad;Osijek;55.000000
EDGE;Arad;Novi Sad;62.900000
EDGE;Kragujevac;Novi Sad;60.000000
EDGE;Nis;Pristina;55.000000
EDGE;Kragujevac;Nis;55.000000
EDGE;Craiova;Nis;74.600000
EDGE;Kragujevac;Pancevo;55.500000
EDGE;Kragujevac;Pristina;58.300000
EDGE;Kragujevac;Timisoara;59.400000
EDGE;Banja Luka;Osijek;57.200000
EDGE;Banja Luka;Split;59.900000
EDGE;Banja Luka;Mostar;55.000000
EDGE;Banja Luka;Zadar;61.700000
EDGE;Dubrovnik;Mostar;55.000000
EDGE;Mostar;Split;55.000000
EDGE;Kotor;Mostar;58.700000
EDGE;Mostar;Podgorica;55.000000
EDGE;Split;Zadar;55.300000
EDGE;Dubrovnik;Split;55.000000
EDGE;Pescara;Split;62.700000
EDGE;Pula;Rijeka;55.000000
EDGE;Rijeka;Zadar;56.000000
EDGE;Maribor;Rijeka;55.000000
EDGE;Osijek;Subotica;55.000000
EDGE;Kecskemet;Osijek;78.800000
EDGE;Osijek;Pancevo;59.100000
EDGE;Maribor;Trieste;65.800000
EDGE;Kotor;Podgorica;55.000000
EDGE;Podgorica;Shkoder;55.000000
EDGE;Dubrovnik;Podgorica;55.000000
EDGE;Durres;Podgorica;55.200000
EDGE;Podgorica;Pristina;55.000000
EDGE;Pristina;Shkoder;59.300000
EDGE;Durres;Shkoder;55.300000
EDGE;Durres;Kotor;55.000000
EDGE;Durres;Lecce;79.200000
EDGE;Bitola;Durres;74.400000
EDGE;Grodno;Kaunas;82.800000
EDGE;Kaunas;Klaipeda;102.300000
EDGE;Klaipeda;Liepaja;101.300000
EDGE;Kaliningrad;Klaipeda;107.000000
EDGE;Pskov;Tartu;97.000000
EDGE;Helsinki;Tartu;96.800000
EDGE;Kaliningrad;Liepaja;113.000000
EDGE;Daugavpils;Kaunas;105.200000
EDGE;Linkoping;Norrkoping;55.000000
EDGE;Linkoping;Orebro;59.800000
EDGE;Jonkoping;Linkoping;73.100000
EDGE;Linkoping;Vasteras;73.500000
EDGE;Boras;Linkoping;73.600000
EDGE;Orebro;Vasteras;61.200000
EDGE;Norrkoping;Vasteras;70.400000
EDGE;Jonkoping;Vasteras;73.900000
EDGE;Norrkoping;Orebro;67.300000
EDGE;Jonkoping;Orebro;72.700000
EDGE;Jonkoping;Norrkoping;74.100000
EDGE;Boras;Norrkoping;73.200000
EDGE;Boras;Jonkoping;93.000000
EDGE;Boras;Helsingborg;110.600000
EDGE;Boras;Fredrikshavn;119.600000
EDGE;Sundsvall;Umea;76.400000
EDGE;Sundsvall;Vaasa;73.900000
EDGE;Sundsvall;Vasteras;67.900000
EDGE;Umea;Vaasa;97.600000
EDGE;Lulea;Umea;98.500000
EDGE;Lulea;Rovaniemi;96.100000
EDGE;Kiruna;Narvik;73.500000
EDGE;Bodo;Kiruna;76.300000
EDGE;Aalborg;Fredrikshavn;110.600000
EDGE;Aalborg;Kristiansand;118.500000
EDGE;Aalborg;Odense;112.000000
EDGE;Aalborg;Esbjerg;117.300000
EDGE;Fredrikshavn;Kristiansand;110.200000
EDGE;Fredrikshavn;Helsingborg;122.900000
EDGE;Kristiansand;Stavanger;70.900000
EDGE;Drammen;Stavanger;69.200000
EDGE;Drammen;Kristiansand;72.900000
EDGE;Drammen;Gothenburg;76.000000
EDGE;Bodo;Narvik;70.800000
EDGE;Joensuu;Kuopio;101.000000
EDGE;Joensuu;Lappeenranta;93.500000
EDGE;Joensuu;Jyvaskyla;100.200000
EDGE;Jyvaskyla;Kuopio;95.900000
EDGE;Kuopio;Lappeenranta;95.600000
EDGE;Jyvaskyla;Lappeenranta;100.500000
EDGE;Kiruna;Rovaniemi;100.600000
EDGE;Jyvaskyla;Vaasa;100.400000
EDGE;Donetsk;Mariupol;79.900000
EDGE;Donetsk;Rostov-on-Don;75.200000
EDGE;Donetsk;Zaporizhzhia;76.800000
EDGE;Dnipro;Zaporizhzhia;79.700000
EDGE;Dnipro;Poltava;80.300000
EDGE;Dnipro;Krivoy Rog;81.600000
EDGE;Krivoy Rog;Zaporizhzhia;84.100000
EDGE;Mariupol;Zaporizhzhia;81.500000
EDGE;Kherson;Mykolaiv;77.400000
EDGE;Krivoy Rog;Mykolaiv;78.100000
EDGE;Mykolaiv;Tiraspol;82.700000
EDGE;Khmelnytskyi;Vinnytsia;77.400000
EDGE;Vinnytsia;Zhytomyr;86.100000
EDGE;Poltava;Sumy;80.700000
EDGE;Belgorod;Poltava;86.300000
EDGE;Chernivtsi;Ivano-Frankivsk;63.300000
EDGE;Chernivtsi;Ternopil;59.400000
EDGE;Chernivtsi;Khmelnytskyi;62.300000
EDGE;Chernihiv;Gomel;81.800000
EDGE;Chernihiv;Zhytomyr;80.900000
EDGE;Belgorod;Sumy;79.900000
EDGE;Kursk;Sumy;83.000000
EDGE;Chernihiv;Sumy;89.600000
EDGE;Rivne;Ternopil;63.100000
EDGE;Khmelnytskyi;Rivne;78.200000
EDGE;Rivne;Zhytomyr;79.000000
EDGE;Khmelnytskyi;Ternopil;63.400000
EDGE;Khmelnytskyi;Zhytomyr;86.300000
EDGE;Ivano-Frankivsk;Khmelnytskyi;65.200000
EDGE;Nyiregyhaza;Uzhhorod;74.700000
EDGE;Gomel;Mogilev;82.600000
EDGE;Gomel;Kiev;88.000000
EDGE;Brest-Belarus;Grodno;86.400000
EDGE;Mogilev;Vitebsk;79.200000
EDGE;Mogilev;Smolensk;78.300000
EDGE;Smolensk;Vitebsk;84.200000
EDGE;Novgorod;Pskov;92.600000
EDGE;Daugavpils;Pskov;113.300000
EDGE;Novgorod;Tartu;104.500000
EDGE;Tver;Yaroslavl;83.000000
EDGE;Tver;Vladimir;79.900000
EDGE;Vladimir;Yaroslavl;79.100000
EDGE;Moscow;Yaroslavl;83.600000
EDGE;Ryazan;Vladimir;81.600000
EDGE;Ryazan;Tula;72.100000
EDGE;Moscow;Ryazan;79.800000
EDGE;Tula;Vladimir;84.900000
EDGE;Gomel;Smolensk;80.500000
EDGE;Belgorod;Kursk;76.800000
EDGE;Kharkiv;Kursk;78.100000
EDGE;Kursk;Voronezh;83.900000
EDGE;Belgorod;Voronezh;84.900000
EDGE;Kharkiv;Voronezh;77.400000
EDGE;Mariupol;Rostov-on-Don;81.000000
EDGE;Krasnodar;Rostov-on-Don;84.900000
EDGE;Krasnodar;Mariupol;76.200000
EDGE;Donetsk;Krasnodar;77.700000
EDGE;Nizhny Novgorod;Vladimir;78.100000
EDGE;Nizhny Novgorod;Yaroslavl;76.100000
EDGE;Nizhny Novgorod;Ryazan;83.700000
EDGE;Bursa;Tekirdag;91.300000
EDGE;Bursa;Kirklareli;91.000000
EDGE;Edirne;Kirklareli;83.600000
EDGE;Alexandroupoli;Edirne;91.100000
EDGE;Edirne;Tekirdag;83.300000
EDGE;Adana;Konya;95.000000
EDGE;Leicester East;Northampton;104.100000
EDGE;Derby;Northampton;87.000000
EDGE;Northampton;Telford;95.500000
EDGE;Northampton;Warrington;99.300000
EDGE;Derby;Leicester East;79.600000
EDGE;Derby;Telford;92.800000
EDGE;Derby;Warrington;90.400000
EDGE;Telford;Warrington;84.300000
EDGE;Leicester East;Warrington;101.000000
EDGE;Leicester East;Telford;91.500000
EDGE;Saint-Etienne;Valence;110.400000
EDGE;Nimes;Valence;113.700000
EDGE;Charleville;Compiegne;117.100000
EDGE;Charleville;Trier;112.900000
EDGE;Colmar;Pforzheim;120.000000
EDGE;Colmar;Reutlingen;120.200000
EDGE;Lorient;Vannes;90.600000
EDGE;Angers;Lorient;114.500000
EDGE;Angouleme;Niort;104.400000
EDGE;La Rochelle;Vannes;107.000000
EDGE;Badajoz;Caceres;96.100000
EDGE;Lleida;Tarragona;98.300000
EDGE;Castellon;Lleida;102.100000
EDGE;Castellon;Tarragona;100.800000
EDGE;Siegen;Trier;117.800000
EDGE;Gottingen;Paderborn;100.900000
EDGE;Braunschweig;Gottingen;101.200000
EDGE;Gottingen;Siegen;120.200000
EDGE;Heilbronn;Pforzheim;98.600000
EDGE;Heilbronn;Reutlingen;110.500000
EDGE;Pforzheim;Reutlingen;101.700000
EDGE;Paderborn;Siegen;115.400000
EDGE;Braunschweig;Paderborn;112.200000
EDGE;Braunschweig;Potsdam;116.200000
EDGE;Gorzow;Potsdam;108.600000
EDGE;Lecce;Tirana;83.600000
EDGE;Cosenza;Potenza;63.000000
EDGE;Lecce;Potenza;87.000000
EDGE;Cosenza;Lecce;82.400000
EDGE;Sassari;Toulon;111.500000
EDGE;Livorno;Sassari;105.900000
EDGE;Ravenna;Rimini;62.500000
EDGE;Pula;Ravenna;68.800000
EDGE;Pula;Rimini;80.000000
EDGE;Como;Novara;73.200000
EDGE;Alessandria;Como;79.800000
EDGE;Alessandria;Novara;68.700000
EDGE;Bydgoszcz;Gorzow;110.400000
EDGE;Hradec Kralove;Walbrzych;92.300000
EDGE;Opole;Walbrzych;109.000000
EDGE;Hradec Kralove;Opole;100.800000
EDGE;Ceske Budejovice;Hradec Kralove;110.400000
EDGE;Nitra;Trnava;63.100000
EDGE;Kecskemet;Subotica;75.600000
EDGE;Arad;Kecskemet;80.100000
EDGE;Kecskemet;Nyiregyhaza;76.200000
EDGE;Arad;Subotica;75.100000
EDGE;Arad;Pancevo;63.400000
EDGE;Alba Iulia;Arad;75.600000
EDGE;Alba Iulia;Sibiu;57.500000
EDGE;Sibiu;Targu Mures;56.600000
EDGE;Alba Iulia;Targu Mures;57.300000
EDGE;Ploiesti;Targu Mures;68.700000
EDGE;Alba Iulia;Timisoara;61.800000
EDGE;Chalkis;Piraeus;74.800000
EDGE;Larissa;Piraeus;84.000000
EDGE;Chalkis;Thessaloniki;87.000000
EDGE;Alexandroupoli;Tekirdag;90.300000
EDGE;Alexandroupoli;Drama;75.800000
EDGE;Alexandroupoli;Kirklareli;82.100000
EDGE;Drama;Sofia;82.400000
EDGE;Pancevo;Subotica;59.300000
EDGE;Kotor;Shkoder;55.000000
EDGE;Dubrovnik;Shkoder;60.000000
EDGE;Dubrovnik;Kotor;55.000000
EDGE;Pula;Zadar;59.900000
EDGE;Zadar;Zagreb;55.000000
EDGE;Penza;Saratov;75.100000
EDGE;Saratov;Ulyanovsk;84.800000
EDGE;Penza;Ulyanovsk;76.400000
EDGE;Kherson;Krivoy Rog;82.800000
EDGE;Krivoy Rog;Poltava;89.400000
EDGE;Kherson;Tiraspol;90.000000
EDGE;Ivano-Frankivsk;Ternopil;59.700000
EDGE;Ternopil;Vinnytsia;88.500000
EDGE;Ivano-Frankivsk;Uzhhorod;64.000000
EDGE;Kirklareli;Tekirdag;75.000000
